CRR Buses,WECC Buses,Similarity
GATES 11,CJ_OL_13,0.15317746748700478
GATES 11,ROUND MT,0.23285263812881052
GATES 11,MN_RM_22,0.1905028272250794
GATES 11,TRACY,0.150587252228276
GATES 11,MAXWELL,0.2080976219255188
GATES 11,MOSSLAND,0.13706415328004667
GATES 11,MN_RM_11,0.21515331977452828
GATES 11,TM_TS_12,0.24889532183465346
GATES 11,TABLE MTN,0.2597724246425951
GATES 11,TM_VD_12,0.25739645415495804
GATES 11,MN_RM_21,0.23339497663755016
GATES 11,METCALF,0.17350505207239295
GATES 11,LB_MW_12,0.2396745971348319
GATES 11,TCY MP2,0.22978859755437125
GATES 11,TM_TS_11,0.30842744766563557
GATES 11,LOSBANOS,0.10922250145326054
GATES 11,TCY MP1,0.2601852642210379
GATES 11,VACA-DIX,0.2282465161479822
GATES 11,MN_RM_23,0.22233842482011498
GATES 11,GATES,0.2655611089467995
GATES 11,MIDWAY,0.1541195452935732
GATES 11,DIABLOCNYNSS,0.1903354529854664
GATES 11,RM_TM_22,0.21887713601270678
GATES 11,GT_MW_11,0.26320672282673624
GATES 11,LB_MW_13,0.2843302962870832
GATES 11,OL_MX_11,0.19662781446666996
GATES 11,MN_RM_12,0.20502837672727414
GATES 11,LB_GT_11,0.21523834661082064
GATES 11,MX_TR_11,0.21130568027937788
GATES 11,TABLE MTN5M,0.2348093002245446
GATES 11,LB_MW_11,0.22261789898355927
GATES 11,RM_TM_12,0.22096046934604013
GATES 11,VD_TS_11,0.2323130310904896
GATES 11,TESLA,0.20881211634016744
GATES 11,DALLASES,0.24698777102471964
GATES 11,L.BANS M,0.16851415328004668
GATES 11,OL_MX_12,0.16793855462465498
GATES 11,OLINDA,0.12394816194503169
GATES 11,RM_TM_11,0.2520162931570773
GATES 11,TM_VD_11,0.3226874572843639
GATES 11,RM_TM_21,0.22076629315707733
GATES 11,RD MT 1M,0.25102804560471637
TBLMTN 8,CJ_OL_13,0.1239158486025212
TBLMTN 8,ROUND MT,0.18242668011279195
TBLMTN 8,MN_RM_22,0.16738551976913366
TBLMTN 8,TRACY,0.12728970969541248
TBLMTN 8,MAXWELL,0.1704375242516888
TBLMTN 8,MOSSLAND,0.14420025535718245
TBLMTN 8,MN_RM_11,0.13390531687533289
TBLMTN 8,TM_TS_12,0.16762188529471556
TBLMTN 8,TABLE MTN,0.29062192214588295
TBLMTN 8,TM_VD_12,0.23397863325198257
TBLMTN 8,MN_RM_21,0.15165441450057282
TBLMTN 8,METCALF,0.14973751359690096
TBLMTN 8,LB_MW_12,0.1998376849434856
TBLMTN 8,TCY MP2,0.16163203868058976
TBLMTN 8,TM_TS_11,0.19227075104361016
TBLMTN 8,LOSBANOS,0.11703804497181011
TBLMTN 8,TCY MP1,0.16131203868058977
TBLMTN 8,VACA-DIX,0.19556221293107467
TBLMTN 8,MN_RM_23,0.226190356360156
TBLMTN 8,GATES,0.1170640166268625
TBLMTN 8,MIDWAY,0.12149173615494371
TBLMTN 8,DIABLOCNYNSS,0.1701092274547672
TBLMTN 8,RM_TM_22,0.17114899804279204
TBLMTN 8,GT_MW_11,0.13911319570873543
TBLMTN 8,LB_MW_13,0.21255517037831437
TBLMTN 8,OL_MX_11,0.16425728679624987
TBLMTN 8,MN_RM_12,0.154768774253778
TBLMTN 8,LB_GT_11,0.15823702987352262
TBLMTN 8,MX_TR_11,0.11928817619776795
TBLMTN 8,TABLE MTN5M,0.3703160521403971
TBLMTN 8,LB_MW_11,0.16422920588644052
TBLMTN 8,RM_TM_12,0.17114899804279204
TBLMTN 8,VD_TS_11,0.11271566706838086
TBLMTN 8,TESLA,0.1609490928661721
TBLMTN 8,DALLASES,0.20282963163348217
TBLMTN 8,L.BANS M,0.14089025535718247
TBLMTN 8,OL_MX_12,0.16516094041609475
TBLMTN 8,OLINDA,0.18752638595619595
TBLMTN 8,RM_TM_11,0.16913981575978787
TBLMTN 8,TM_VD_11,0.24239002173605512
TBLMTN 8,RM_TM_21,0.16913981575978787
TBLMTN 8,RD MT 1M,0.254327135012127
RNDMTN 6,CJ_OL_13,0.1251509196515855
RNDMTN 6,ROUND MT,0.23862480134042183
RNDMTN 6,MN_RM_22,0.2024292881329676
RNDMTN 6,TRACY,0.09183073944407436
RNDMTN 6,MAXWELL,0.16777373426754208
RNDMTN 6,MOSSLAND,0.10738166319902338
RNDMTN 6,MN_RM_11,0.16641233066309558
RNDMTN 6,TM_TS_12,0.1002267935184002
RNDMTN 6,TABLE MTN,0.20064212430217596
RNDMTN 6,TM_VD_12,0.19135988737834955
RNDMTN 6,MN_RM_21,0.18471888564351058
RNDMTN 6,METCALF,0.11149682679076825
RNDMTN 6,LB_MW_12,0.16550508840628259
RNDMTN 6,TCY MP2,0.12872633447100962
RNDMTN 6,TM_TS_11,0.14947280242464261
RNDMTN 6,LOSBANOS,0.11329903578108276
RNDMTN 6,TCY MP1,0.12813966780434294
RNDMTN 6,VACA-DIX,0.18298504544437547
RNDMTN 6,MN_RM_23,0.23615512431722152
RNDMTN 6,GATES,0.11314757871371445
RNDMTN 6,MIDWAY,0.14626976174623396
RNDMTN 6,DIABLOCNYNSS,0.12510176301621537
RNDMTN 6,RM_TM_22,0.19287623155423542
RNDMTN 6,GT_MW_11,0.13612795349240583
RNDMTN 6,LB_MW_13,0.17342516451497839
RNDMTN 6,OL_MX_11,0.16384084771953478
RNDMTN 6,MN_RM_12,0.19052842362558142
RNDMTN 6,LB_GT_11,0.12500295991400862
RNDMTN 6,MX_TR_11,0.11748094805031567
RNDMTN 6,TABLE MTN5M,0.257791022091357
RNDMTN 6,LB_MW_11,0.13149085000971364
RNDMTN 6,RM_TM_12,0.19259051726852114
RNDMTN 6,VD_TS_11,0.14081532298789967
RNDMTN 6,TESLA,0.0883786849789599
RNDMTN 6,DALLASES,0.19771918678402023
RNDMTN 6,L.BANS M,0.17343166319902337
RNDMTN 6,OL_MX_12,0.16501197293473616
RNDMTN 6,OLINDA,0.15577449916969704
RNDMTN 6,RM_TM_11,0.19336156265187754
RNDMTN 6,TM_VD_11,0.19546323004493782
RNDMTN 6,RM_TM_21,0.19364727693759184
RNDMTN 6,RD MT 1M,0.29106144408070744
TESLA 11,CJ_OL_13,0.1751224143942229
TESLA 11,ROUND MT,0.27301474687213273
TESLA 11,MN_RM_22,0.22013571583198294
TESLA 11,TRACY,0.2796133611958819
TESLA 11,MAXWELL,0.17125733576435725
TESLA 11,MOSSLAND,0.309024400888244
TESLA 11,MN_RM_11,0.32878699297452507
TESLA 11,TM_TS_12,0.291641046933703
TESLA 11,TABLE MTN,0.29095555265730916
TESLA 11,TM_VD_12,0.2220358492777374
TESLA 11,MN_RM_21,0.27685627562977627
TESLA 11,METCALF,0.33136909742171566
TESLA 11,LB_MW_12,0.3277037878883451
TESLA 11,TCY MP2,0.2617645080046952
TESLA 11,TM_TS_11,0.33189759943743435
TESLA 11,LOSBANOS,0.2555689466570119
TESLA 11,TCY MP1,0.32726156682822466
TESLA 11,VACA-DIX,0.1877144771069012
TESLA 11,MN_RM_23,0.24134719362729118
TESLA 11,GATES,0.226678684277476
TESLA 11,MIDWAY,0.3102279925885269
TESLA 11,DIABLOCNYNSS,0.2564244727034441
TESLA 11,RM_TM_22,0.23495188270683992
TESLA 11,GT_MW_11,0.29251431397328537
TESLA 11,LB_MW_13,0.30780612590780276
TESLA 11,OL_MX_11,0.21365203108768882
TESLA 11,MN_RM_12,0.2779713971800415
TESLA 11,LB_GT_11,0.3085832500441231
TESLA 11,MX_TR_11,0.33949583646138476
TESLA 11,TABLE MTN5M,0.2669522123691167
TESLA 11,LB_MW_11,0.31664478120139994
TESLA 11,RM_TM_12,0.26533913760880073
TESLA 11,VD_TS_11,0.3501945234082902
TESLA 11,TESLA,0.3641506812834035
TESLA 11,DALLASES,0.26301571919541344
TESLA 11,L.BANS M,0.285228400888244
TESLA 11,OL_MX_12,0.1824248538889568
TESLA 11,OLINDA,0.15363079450291597
TESLA 11,RM_TM_11,0.29901005445044604
TESLA 11,TM_VD_11,0.2729956077969926
TESLA 11,RM_TM_21,0.26823064268574015
TESLA 11,RD MT 1M,0.26439656929023403
GATES 14,CJ_OL_13,0.12439875682174552
GATES 14,ROUND MT,0.2360128788968673
GATES 14,MN_RM_22,0.19232974169731595
GATES 14,TRACY,0.1929046122224029
GATES 14,MAXWELL,0.16835251094840195
GATES 14,MOSSLAND,0.18386373017460456
GATES 14,MN_RM_11,0.2267215641051833
GATES 14,TM_TS_12,0.2630977409775616
GATES 14,TABLE MTN,0.2589553115975751
GATES 14,TM_VD_12,0.21011436305602643
GATES 14,MN_RM_21,0.1989988707677238
GATES 14,METCALF,0.2246778979177062
GATES 14,LB_MW_12,0.30096217034685363
GATES 14,TCY MP2,0.2860313103577052
GATES 14,TM_TS_11,0.30980688436556053
GATES 14,LOSBANOS,0.14660353602251536
GATES 14,TCY MP1,0.28517797702437186
GATES 14,VACA-DIX,0.1829477388422428
GATES 14,MN_RM_23,0.17616351166330024
GATES 14,GATES,0.3014521279816233
GATES 14,MIDWAY,0.2160752980869814
GATES 14,DIABLOCNYNSS,0.2401087371486827
GATES 14,RM_TM_22,0.21228185309667313
GATES 14,GT_MW_11,0.2823039752439208
GATES 14,LB_MW_13,0.3251211035308812
GATES 14,OL_MX_11,0.1362073614658037
GATES 14,MN_RM_12,0.2541587387892073
GATES 14,LB_GT_11,0.22779849697368293
GATES 14,MX_TR_11,0.2360544121921646
GATES 14,TABLE MTN5M,0.19346972310481766
GATES 14,LB_MW_11,0.23423092578574162
GATES 14,RM_TM_12,0.2433588160596361
GATES 14,VD_TS_11,0.2513583961238002
GATES 14,TESLA,0.24928300300576856
GATES 14,DALLASES,0.2176538780064523
GATES 14,L.BANS M,0.21547906350793788
GATES 14,OL_MX_12,0.1372010879507956
GATES 14,OLINDA,0.0958537105354097
GATES 14,RM_TM_11,0.24134144453810055
GATES 14,TM_VD_11,0.24030249282747296
GATES 14,RM_TM_21,0.24143033342698939
GATES 14,RD MT 1M,0.2093826406137245
TBLMTN 7,CJ_OL_13,0.15488217454916936
TBLMTN 7,ROUND MT,0.1873674468228162
TBLMTN 7,MN_RM_22,0.1722909991142755
TBLMTN 7,TRACY,0.14957323054976146
TBLMTN 7,MAXWELL,0.21217881457400212
TBLMTN 7,MOSSLAND,0.16267446110689973
TBLMTN 7,MN_RM_11,0.11156433422518544
TBLMTN 7,TM_TS_12,0.15520380026575417
TBLMTN 7,TABLE MTN,0.301954371650741
TBLMTN 7,TM_VD_12,0.27668375288519637
TBLMTN 7,MN_RM_21,0.12350717054520839
TBLMTN 7,METCALF,0.13244861662934543
TBLMTN 7,LB_MW_12,0.17736564942388328
TBLMTN 7,TCY MP2,0.14067681907692953
TBLMTN 7,TM_TS_11,0.20048415926954205
TBLMTN 7,LOSBANOS,0.1057430352149066
TBLMTN 7,TCY MP1,0.14030704129915175
TBLMTN 7,VACA-DIX,0.20068493218528444
TBLMTN 7,MN_RM_23,0.1597536847216652
TBLMTN 7,GATES,0.1391409053534739
TBLMTN 7,MIDWAY,0.10002015603382014
TBLMTN 7,DIABLOCNYNSS,0.15340630156304227
TBLMTN 7,RM_TM_22,0.17519763957665035
TBLMTN 7,GT_MW_11,0.15132296822970892
TBLMTN 7,LB_MW_13,0.18505483050857036
TBLMTN 7,OL_MX_11,0.19107470256845227
TBLMTN 7,MN_RM_12,0.12695513434409905
TBLMTN 7,LB_GT_11,0.14320477631292408
TBLMTN 7,MX_TR_11,0.12953687006782083
TBLMTN 7,TABLE MTN5M,0.33130198439809155
TBLMTN 7,LB_MW_11,0.1491310998121529
TBLMTN 7,RM_TM_12,0.17519763957665035
TBLMTN 7,VD_TS_11,0.09626962250602797
TBLMTN 7,TESLA,0.14643891914815196
TBLMTN 7,DALLASES,0.17736521583166145
TBLMTN 7,L.BANS M,0.12392446110689974
TBLMTN 7,OL_MX_12,0.19821366282884523
TBLMTN 7,OLINDA,0.2192703462412628
TBLMTN 7,RM_TM_11,0.17192563319225107
TBLMTN 7,TM_VD_11,0.23789300330921803
TBLMTN 7,RM_TM_21,0.17192563319225107
TBLMTN 7,RD MT 1M,0.2832262463692657
VISTRA 4,CJ_OL_13,0.2843172823371468
VISTRA 4,ROUND MT,0.31071433746852495
VISTRA 4,MN_RM_22,0.271266784926184
VISTRA 4,TRACY,0.3669341501405201
VISTRA 4,MAXWELL,0.3694504975401332
VISTRA 4,MOSSLAND,0.4092169801686242
VISTRA 4,MN_RM_11,0.24791090859687936
VISTRA 4,TM_TS_12,0.2848953001542834
VISTRA 4,TABLE MTN,0.30982864619205175
VISTRA 4,TM_VD_12,0.3306835375867656
VISTRA 4,MN_RM_21,0.27544176518793845
VISTRA 4,METCALF,0.4223159038910639
VISTRA 4,LB_MW_12,0.2883918661892565
VISTRA 4,TCY MP2,0.22173909801626643
VISTRA 4,TM_TS_11,0.3321642095446591
VISTRA 4,LOSBANOS,0.290426034692808
VISTRA 4,TCY MP1,0.22173909801626643
VISTRA 4,VACA-DIX,0.4311442558608424
VISTRA 4,MN_RM_23,0.35500098468502445
VISTRA 4,GATES,0.2902482569150302
VISTRA 4,MIDWAY,0.34557525929532595
VISTRA 4,DIABLOCNYNSS,0.3019170171627077
VISTRA 4,RM_TM_22,0.2979299617963945
VISTRA 4,GT_MW_11,0.25331225525794576
VISTRA 4,LB_MW_13,0.28630397883709596
VISTRA 4,OL_MX_11,0.30611439421941933
VISTRA 4,MN_RM_12,0.2643218925984818
VISTRA 4,LB_GT_11,0.2496762146393833
VISTRA 4,MX_TR_11,0.34874038060258805
VISTRA 4,TABLE MTN5M,0.4161138248662578
VISTRA 4,LB_MW_11,0.2542008910623856
VISTRA 4,RM_TM_12,0.2976442475106803
VISTRA 4,VD_TS_11,0.3341875405295211
VISTRA 4,TESLA,0.38515358413489936
VISTRA 4,DALLASES,0.2953475540095396
VISTRA 4,L.BANS M,0.32487098016862415
VISTRA 4,OL_MX_12,0.298990585811414
VISTRA 4,OLINDA,0.34755349686528925
VISTRA 4,RM_TM_11,0.30048962854706757
VISTRA 4,TM_VD_11,0.29984760238677277
VISTRA 4,RM_TM_21,0.30048962854706757
VISTRA 4,RD MT 1M,0.36328959090534757
RNDMTN 9,CJ_OL_13,0.14998409158279433
RNDMTN 9,ROUND MT,0.19557408561208298
RNDMTN 9,MN_RM_22,0.17130629607781916
RNDMTN 9,TRACY,0.07022120401950302
RNDMTN 9,MAXWELL,0.14917978583682232
RNDMTN 9,MOSSLAND,0.08124040210386574
RNDMTN 9,MN_RM_11,0.17003674370031402
RNDMTN 9,TM_TS_12,0.07681021031882672
RNDMTN 9,TABLE MTN,0.15750394123407888
RNDMTN 9,TM_VD_12,0.20495812335180366
RNDMTN 9,MN_RM_21,0.1532860379293401
RNDMTN 9,METCALF,0.11853802056150255
RNDMTN 9,LB_MW_12,0.1335452909605369
RNDMTN 9,TCY MP2,0.09520194531411584
RNDMTN 9,TM_TS_11,0.10966867841084832
RNDMTN 9,LOSBANOS,0.0939313071021252
RNDMTN 9,TCY MP1,0.09461527864744917
RNDMTN 9,VACA-DIX,0.15593674764387863
RNDMTN 9,MN_RM_23,0.185484399664791
RNDMTN 9,GATES,0.09401720191411596
RNDMTN 9,MIDWAY,0.11853712103101503
RNDMTN 9,DIABLOCNYNSS,0.10055716191205967
RNDMTN 9,RM_TM_22,0.15284532130269074
RNDMTN 9,GT_MW_11,0.11158335238825014
RNDMTN 9,LB_MW_13,0.13828348274267732
RNDMTN 9,OL_MX_11,0.1824610251111351
RNDMTN 9,MN_RM_12,0.15548608730480035
RNDMTN 9,LB_GT_11,0.10208417705962243
RNDMTN 9,MX_TR_11,0.0876225056783817
RNDMTN 9,TABLE MTN5M,0.22809390668501028
RNDMTN 9,LB_MW_11,0.1369775823474491
RNDMTN 9,RM_TM_12,0.1820119879693574
RNDMTN 9,VD_TS_11,0.11333789678835307
RNDMTN 9,TESLA,0.06763380935559486
RNDMTN 9,DALLASES,0.12355962226348212
RNDMTN 9,L.BANS M,0.11185040210386574
RNDMTN 9,OL_MX_12,0.219863295896857
RNDMTN 9,OLINDA,0.17911773264710049
RNDMTN 9,RM_TM_11,0.15320791690981556
RNDMTN 9,TM_VD_11,0.144518915790922
RNDMTN 9,RM_TM_21,0.15349363119552986
RNDMTN 9,RD MT 1M,0.2662314807610612
RNDMTN 8,CJ_OL_13,0.15668283230045682
RNDMTN 8,ROUND MT,0.24726352679154462
RNDMTN 8,MN_RM_22,0.21168014090743856
RNDMTN 8,TRACY,0.09715755205875164
RNDMTN 8,MAXWELL,0.17585845399103586
RNDMTN 8,MOSSLAND,0.11411720418006147
RNDMTN 8,MN_RM_11,0.17265111757819626
RNDMTN 8,TM_TS_12,0.10637725576471482
RNDMTN 8,TABLE MTN,0.20642172900805303
RNDMTN 8,TM_VD_12,0.19917038516253122
RNDMTN 8,MN_RM_21,0.19732371667891502
RNDMTN 8,METCALF,0.11951457141609108
RNDMTN 8,LB_MW_12,0.17345829287219297
RNDMTN 8,TCY MP2,0.13867566290200783
RNDMTN 8,TM_TS_11,0.1640982615632227
RNDMTN 8,LOSBANOS,0.11797643541285603
RNDMTN 8,TCY MP1,0.13808899623534118
RNDMTN 8,VACA-DIX,0.19975053356128433
RNDMTN 8,MN_RM_23,0.2468463165554443
RNDMTN 8,GATES,0.11769658328375932
RNDMTN 8,MIDWAY,0.15215943724385017
RNDMTN 8,DIABLOCNYNSS,0.1315854038126223
RNDMTN 8,RM_TM_22,0.1983231599907032
RNDMTN 8,GT_MW_11,0.1711687371459556
RNDMTN 8,LB_MW_13,0.18430425848714568
RNDMTN 8,OL_MX_11,0.19645922902800833
RNDMTN 8,MN_RM_12,0.19453168427501655
RNDMTN 8,LB_GT_11,0.1599361871064806
RNDMTN 8,MX_TR_11,0.1552144865450415
RNDMTN 8,TABLE MTN5M,0.2642244586737575
RNDMTN 8,LB_MW_11,0.1373019183166343
RNDMTN 8,RM_TM_12,0.19756125522879844
RNDMTN 8,VD_TS_11,0.17746655930731178
RNDMTN 8,TESLA,0.0933324250890501
RNDMTN 8,DALLASES,0.185585011863108
RNDMTN 8,L.BANS M,0.14496720418006148
RNDMTN 8,OL_MX_12,0.16896537527041286
RNDMTN 8,OLINDA,0.15913707848523512
RNDMTN 8,RM_TM_11,0.23142321717556147
RNDMTN 8,TM_VD_11,0.23508688841345626
RNDMTN 8,RM_TM_21,0.2022565505088948
RNDMTN 8,RD MT 1M,0.3018803920757055
TBLMTN 9,CJ_OL_13,0.1543892219500188
TBLMTN 9,ROUND MT,0.14843184621240382
TBLMTN 9,MN_RM_22,0.14196670525861327
TBLMTN 9,TRACY,0.11273045476805763
TBLMTN 9,MAXWELL,0.17157506188624966
TBLMTN 9,MOSSLAND,0.1250619303402753
TBLMTN 9,MN_RM_11,0.11115050595802721
TBLMTN 9,TM_TS_12,0.1528207088960732
TBLMTN 9,TABLE MTN,0.2632937549121615
TBLMTN 9,TM_VD_12,0.2496605342268674
TBLMTN 9,MN_RM_21,0.12441815004383808
TBLMTN 9,METCALF,0.1317198988242359
TBLMTN 9,LB_MW_12,0.17541799788004186
TBLMTN 9,TCY MP2,0.1377578335695594
TBLMTN 9,TM_TS_11,0.16397569201781487
TBLMTN 9,LOSBANOS,0.10392740618754062
TBLMTN 9,TCY MP1,0.1376547224584483
TBLMTN 9,VACA-DIX,0.19519335414168168
TBLMTN 9,MN_RM_23,0.15823704620187395
TBLMTN 9,GATES,0.10242636247302322
TBLMTN 9,MIDWAY,0.10104454341001426
TBLMTN 9,DIABLOCNYNSS,0.18657129116173576
TBLMTN 9,RM_TM_22,0.14101855704005067
TBLMTN 9,GT_MW_11,0.12032129116173579
TBLMTN 9,LB_MW_13,0.18664356322674275
TBLMTN 9,OL_MX_11,0.191957206672121
TBLMTN 9,MN_RM_12,0.1250105734190975
TBLMTN 9,LB_GT_11,0.1409967430907232
TBLMTN 9,MX_TR_11,0.0980436851590647
TBLMTN 9,TABLE MTN5M,0.3271189302255063
TBLMTN 9,LB_MW_11,0.14641277556436652
TBLMTN 9,RM_TM_12,0.14101855704005067
TBLMTN 9,VD_TS_11,0.09523618680820199
TBLMTN 9,TESLA,0.14681409227544864
TBLMTN 9,DALLASES,0.17208189320191467
TBLMTN 9,L.BANS M,0.1213119303402753
TBLMTN 9,OL_MX_12,0.19889502286098829
TBLMTN 9,OLINDA,0.21811739364211225
TBLMTN 9,RM_TM_11,0.13921127951895126
TBLMTN 9,TM_VD_11,0.21096237683837205
TBLMTN 9,RM_TM_21,0.13921127951895126
TBLMTN 9,RD MT 1M,0.24785361549078724
LOSBNS 4,CJ_OL_13,0.24084866514771983
LOSBNS 4,ROUND MT,0.3577189035744768
LOSBNS 4,MN_RM_22,0.30310378172520513
LOSBNS 4,TRACY,0.39608343935861434
LOSBNS 4,MAXWELL,0.25354994897123817
LOSBNS 4,MOSSLAND,0.4239650467090504
LOSBNS 4,MN_RM_11,0.33527048782950086
LOSBNS 4,TM_TS_12,0.39597209939399525
LOSBNS 4,TABLE MTN,0.3246386147075191
LOSBNS 4,TM_VD_12,0.2806474067715604
LOSBNS 4,MN_RM_21,0.30877668249061146
LOSBNS 4,METCALF,0.3405510817018753
LOSBNS 4,LB_MW_12,0.43757316076507763
LOSBNS 4,TCY MP2,0.2649203079322035
LOSBNS 4,TM_TS_11,0.33021345237502364
LOSBNS 4,LOSBANOS,0.7293462681276282
LOSBNS 4,TCY MP1,0.2647425301544257
LOSBNS 4,VACA-DIX,0.3249358315442281
LOSBNS 4,MN_RM_23,0.2953148221915866
LOSBNS 4,GATES,0.5127991655808224
LOSBNS 4,MIDWAY,0.4123320400721693
LOSBNS 4,DIABLOCNYNSS,0.4959198598079814
LOSBNS 4,RM_TM_22,0.3197816614018484
LOSBNS 4,GT_MW_11,0.396651464746253
LOSBNS 4,LB_MW_13,0.42212745775133087
LOSBNS 4,OL_MX_11,0.24548031460491082
LOSBNS 4,MN_RM_12,0.32326993252249747
LOSBNS 4,LB_GT_11,0.4934453514963837
LOSBNS 4,MX_TR_11,0.35582596429516394
LOSBNS 4,TABLE MTN5M,0.2788106120658658
LOSBNS 4,LB_MW_11,0.48214675342229757
LOSBNS 4,RM_TM_12,0.31914956263641625
LOSBNS 4,VD_TS_11,0.3749838878301873
LOSBNS 4,TESLA,0.48939204166925965
LOSBNS 4,DALLASES,0.23966137183305528
LOSBNS 4,L.BANS M,0.49137763930164297
LOSBNS 4,OL_MX_12,0.24828661794105278
LOSBNS 4,OLINDA,0.34213706908446895
LOSBNS 4,RM_TM_11,0.32069727633070033
LOSBNS 4,TM_VD_11,0.29549786314258236
LOSBNS 4,RM_TM_21,0.3212090608424848
LOSBNS 4,RD MT 1M,0.2585614501592727
MIDWAY11,CJ_OL_13,0.09851265613775607
MIDWAY11,ROUND MT,0.1480084841140513
MIDWAY11,MN_RM_22,0.17006787730201262
MIDWAY11,TRACY,0.23712984587093722
MIDWAY11,MAXWELL,0.15830455094803317
MIDWAY11,MOSSLAND,0.27682893552405574
MIDWAY11,MN_RM_11,0.2700825422758547
MIDWAY11,TM_TS_12,0.27248728312584086
MIDWAY11,TABLE MTN,0.14382676603872338
MIDWAY11,TM_VD_12,0.13578812004735152
MIDWAY11,MN_RM_21,0.2094489255689053
MIDWAY11,METCALF,0.28471316136064095
MIDWAY11,LB_MW_12,0.22904719690663627
MIDWAY11,TCY MP2,0.160966237298504
MIDWAY11,TM_TS_11,0.21890611190838224
MIDWAY11,LOSBANOS,0.21936049865298002
MIDWAY11,TCY MP1,0.192216237298504
MIDWAY11,VACA-DIX,0.10735737947518272
MIDWAY11,MN_RM_23,0.157840365338857
MIDWAY11,GATES,0.22048852899763005
MIDWAY11,MIDWAY,0.4250611810127836
MIDWAY11,DIABLOCNYNSS,0.3172101604340152
MIDWAY11,RM_TM_22,0.15179539133762274
MIDWAY11,GT_MW_11,0.30879333503718975
MIDWAY11,LB_MW_13,0.22747479783545477
MIDWAY11,OL_MX_11,0.13604732168192327
MIDWAY11,MN_RM_12,0.22337872136241238
MIDWAY11,LB_GT_11,0.2746335274934981
MIDWAY11,MX_TR_11,0.2749814842317041
MIDWAY11,TABLE MTN5M,0.10335062309566881
MIDWAY11,LB_MW_11,0.2802646522849871
MIDWAY11,RM_TM_12,0.18260433313656452
MIDWAY11,VD_TS_11,0.26490516578029905
MIDWAY11,TESLA,0.2651593363412646
MIDWAY11,DALLASES,0.1742440294164845
MIDWAY11,L.BANS M,0.21038845933357955
MIDWAY11,OL_MX_12,0.10555020894752402
MIDWAY11,OLINDA,0.10044476593323048
MIDWAY11,RM_TM_11,0.21381890664630385
MIDWAY11,TM_VD_11,0.18883726036028953
MIDWAY11,RM_TM_21,0.18281948865688583
MIDWAY11,RD MT 1M,0.135763869123137
TESLA 10,CJ_OL_13,0.2768092505470606
TESLA 10,ROUND MT,0.3327464598939172
TESLA 10,MN_RM_22,0.3100059786501959
TESLA 10,TRACY,0.4739524914118039
TESLA 10,MAXWELL,0.2595342442919284
TESLA 10,MOSSLAND,0.4917435994534649
TESLA 10,MN_RM_11,0.3761277503227222
TESLA 10,TM_TS_12,0.4289353364465779
TESLA 10,TABLE MTN,0.38940984769028497
TESLA 10,TM_VD_12,0.3031143661250421
TESLA 10,MN_RM_21,0.31776383727738866
TESLA 10,METCALF,0.4735799244003686
TESLA 10,LB_MW_12,0.39549878642080477
TESLA 10,TCY MP2,0.3049991653031042
TESLA 10,TM_TS_11,0.3561171450984625
TESLA 10,LOSBANOS,0.5200613586341152
TESLA 10,TCY MP1,0.28005716530310426
TESLA 10,VACA-DIX,0.33230881567317405
TESLA 10,MN_RM_23,0.3004757853337291
TESLA 10,GATES,0.43364482336008625
TESLA 10,MIDWAY,0.45232173536172865
TESLA 10,DIABLOCNYNSS,0.4009824030380909
TESLA 10,RM_TM_22,0.28134833812016047
TESLA 10,GT_MW_11,0.3866524030380909
TESLA 10,LB_MW_13,0.3828189358661342
TESLA 10,OL_MX_11,0.28180117772062035
TESLA 10,MN_RM_12,0.3613516977678932
TESLA 10,LB_GT_11,0.4490848205542156
TESLA 10,MX_TR_11,0.34971941757064995
TESLA 10,TABLE MTN5M,0.33150930180699634
TESLA 10,LB_MW_11,0.44428550627383695
TESLA 10,RM_TM_12,0.31191567145349386
TESLA 10,VD_TS_11,0.4208910164369576
TESLA 10,TESLA,0.7577196737170777
TESLA 10,DALLASES,0.277468014913033
TESLA 10,L.BANS M,0.3782099994534649
TESLA 10,OL_MX_12,0.28376651344599485
TESLA 10,OLINDA,0.31539406013208304
TESLA 10,RM_TM_11,0.3121756358039719
TESLA 10,TM_VD_11,0.32149210695037067
TESLA 10,RM_TM_21,0.2813523024706385
TESLA 10,RD MT 1M,0.3263562768721634
TESLA 13,CJ_OL_13,0.1538021594830834
TESLA 13,ROUND MT,0.21677433267023272
TESLA 13,MN_RM_22,0.17391567611781528
TESLA 13,TRACY,0.24142306859951676
TESLA 13,MAXWELL,0.1399162771789406
TESLA 13,MOSSLAND,0.270199209456975
TESLA 13,MN_RM_11,0.23282236022119485
TESLA 13,TM_TS_12,0.25834021621415926
TESLA 13,TABLE MTN,0.27146340886593234
TESLA 13,TM_VD_12,0.20275487767047756
TESLA 13,MN_RM_21,0.19560025008976065
TESLA 13,METCALF,0.29068849692964666
TESLA 13,LB_MW_12,0.28458542795676206
TESLA 13,TCY MP2,0.2713270136557867
TESLA 13,TM_TS_11,0.28906830368300845
TESLA 13,LOSBANOS,0.21902270496154608
TESLA 13,TCY MP1,0.3025770136557867
TESLA 13,VACA-DIX,0.1637428372832254
TESLA 13,MN_RM_23,0.22615444344267205
TESLA 13,GATES,0.18752232801600552
TESLA 13,MIDWAY,0.2713050718409757
TESLA 13,DIABLOCNYNSS,0.21609414085937867
TESLA 13,RM_TM_22,0.19251433199303458
TESLA 13,GT_MW_11,0.2266504900657279
TESLA 13,LB_MW_13,0.2951864549160179
TESLA 13,OL_MX_11,0.13118953067357653
TESLA 13,MN_RM_12,0.2336835500646935
TESLA 13,LB_GT_11,0.21585258796081808
TESLA 13,MX_TR_11,0.27189946365491613
TESLA 13,TABLE MTN5M,0.27971357231747584
TESLA 13,LB_MW_11,0.2228290226456814
TESLA 13,RM_TM_12,0.22327705926576186
TESLA 13,VD_TS_11,0.25719678016575886
TESLA 13,TESLA,0.3261377382630989
TESLA 13,DALLASES,0.24083813884319438
TESLA 13,L.BANS M,0.2462165427903083
TESLA 13,OL_MX_12,0.13175175447923881
TESLA 13,OLINDA,0.12450898001523648
TESLA 13,RM_TM_11,0.22287872753420102
TESLA 13,TM_VD_11,0.22717600105169633
TESLA 13,RM_TM_21,0.1922953942008677
TESLA 13,RD MT 1M,0.2398106377234378
VACADX 8,CJ_OL_13,0.3842177285451849
VACADX 8,ROUND MT,0.30465970922935415
VACADX 8,MN_RM_22,0.2915642143890088
VACADX 8,TRACY,0.3168087087560625
VACADX 8,MAXWELL,0.34609032041499743
VACADX 8,MOSSLAND,0.24097385364223478
VACADX 8,MN_RM_11,0.2687300529481105
VACADX 8,TM_TS_12,0.20715250226041731
VACADX 8,TABLE MTN,0.3075592123657528
VACADX 8,TM_VD_12,0.3359346654603388
VACADX 8,MN_RM_21,0.2844518828680683
VACADX 8,METCALF,0.2778828416004245
VACADX 8,LB_MW_12,0.27987625919349896
VACADX 8,TCY MP2,0.23224830079481856
VACADX 8,TM_TS_11,0.24402429640320938
VACADX 8,LOSBANOS,0.2789691875102116
VACADX 8,TCY MP1,0.1765149674614852
VACADX 8,VACA-DIX,0.637512851823036
VACADX 8,MN_RM_23,0.3107607573873881
VACADX 8,GATES,0.2546013834931944
VACADX 8,MIDWAY,0.33172170732531037
VACADX 8,DIABLOCNYNSS,0.2816890251175718
VACADX 8,RM_TM_22,0.23813725570604694
VACADX 8,GT_MW_11,0.21227632670487342
VACADX 8,LB_MW_13,0.2835308292787264
VACADX 8,OL_MX_11,0.390883301909976
VACADX 8,MN_RM_12,0.2785728591098848
VACADX 8,LB_GT_11,0.2502813337228824
VACADX 8,MX_TR_11,0.22195597162848357
VACADX 8,TABLE MTN5M,0.3389482651003481
VACADX 8,LB_MW_11,0.25314544500037794
VACADX 8,RM_TM_12,0.23813725570604694
VACADX 8,VD_TS_11,0.34226117104648984
VACADX 8,TESLA,0.28115857640884057
VACADX 8,DALLASES,0.24393073588889996
VACADX 8,L.BANS M,0.3034738536422348
VACADX 8,OL_MX_12,0.40012643783908153
VACADX 8,OLINDA,0.45005101258077684
VACADX 8,RM_TM_11,0.23807008700186505
VACADX 8,TM_VD_11,0.2964559378463946
VACADX 8,RM_TM_21,0.23807008700186505
VACADX 8,RD MT 1M,0.3165447500164035
TBLMTN 6,CJ_OL_13,0.25049294857559035
TBLMTN 6,ROUND MT,0.4382394489847661
TBLMTN 6,MN_RM_22,0.3902727091546292
TBLMTN 6,TRACY,0.37197661648184627
TBLMTN 6,MAXWELL,0.3721648363995572
TBLMTN 6,MOSSLAND,0.3549734814254899
TBLMTN 6,MN_RM_11,0.3031984391893584
TBLMTN 6,TM_TS_12,0.3937812444259653
TBLMTN 6,TABLE MTN,0.692827927769893
TBLMTN 6,TM_VD_12,0.440428493033577
TBLMTN 6,MN_RM_21,0.3236424624996872
TBLMTN 6,METCALF,0.30743948714308234
TBLMTN 6,LB_MW_12,0.3661332145073502
TBLMTN 6,TCY MP2,0.3009783836416151
TBLMTN 6,TM_TS_11,0.4587700121146881
TBLMTN 6,LOSBANOS,0.30344328190887176
TBLMTN 6,TCY MP1,0.24453393919717065
TBLMTN 6,VACA-DIX,0.3358523464615569
TBLMTN 6,MN_RM_23,0.3466544983695865
TBLMTN 6,GATES,0.35910911538955576
TBLMTN 6,MIDWAY,0.316218933445505
TBLMTN 6,DIABLOCNYNSS,0.3594764977471646
TBLMTN 6,RM_TM_22,0.40012308454443446
TBLMTN 6,GT_MW_11,0.347312212032879
TBLMTN 6,LB_MW_13,0.3818308152971185
TBLMTN 6,OL_MX_11,0.28854833168408933
TBLMTN 6,MN_RM_12,0.3296706406578792
TBLMTN 6,LB_GT_11,0.31755452686074775
TBLMTN 6,MX_TR_11,0.33052688259293583
TBLMTN 6,TABLE MTN5M,0.48264581056327893
TBLMTN 6,LB_MW_11,0.324539327568764
TBLMTN 6,RM_TM_12,0.40012308454443446
TBLMTN 6,VD_TS_11,0.277313211377734
TBLMTN 6,TESLA,0.3139443877114764
TBLMTN 6,DALLASES,0.23225465997601627
TBLMTN 6,L.BANS M,0.33066348142548985
TBLMTN 6,OL_MX_12,0.2890588347375289
TBLMTN 6,OLINDA,0.34117707894893246
TBLMTN 6,RM_TM_11,0.3936349203088254
TBLMTN 6,TM_VD_11,0.4831184726231598
TBLMTN 6,RM_TM_21,0.3936349203088254
TBLMTN 6,RD MT 1M,0.4616394978119274
MIDWAY12,CJ_OL_13,0.09851265613775607
MIDWAY12,ROUND MT,0.14775705554262272
MIDWAY12,MN_RM_22,0.20150835349248883
MIDWAY12,TRACY,0.23696317920427057
MIDWAY12,MAXWELL,0.15830455094803317
MIDWAY12,MOSSLAND,0.27638449107961127
MIDWAY12,MN_RM_11,0.23860397084728324
MIDWAY12,TM_TS_12,0.3035554649440227
MIDWAY12,TABLE MTN,0.14382676603872338
MIDWAY12,TM_VD_12,0.16703812004735152
MIDWAY12,MN_RM_21,0.17797035414033388
MIDWAY12,METCALF,0.28452268517016477
MIDWAY12,LB_MW_12,0.2602971969066363
MIDWAY12,TCY MP2,0.19202576110802783
MIDWAY12,TM_TS_11,0.18746563571790606
MIDWAY12,LOSBANOS,0.2192123505048319
MIDWAY12,TCY MP1,0.2270257611080278
MIDWAY12,VACA-DIX,0.10735737947518272
MIDWAY12,MN_RM_23,0.15758893676742844
MIDWAY12,GATES,0.22037001047911153
MIDWAY12,MIDWAY,0.42489610164770425
MIDWAY12,DIABLOCNYNSS,0.2818927001165549
MIDWAY12,RM_TM_22,0.18292179345402482
MIDWAY12,GT_MW_11,0.27754333503718975
MIDWAY12,LB_MW_13,0.22747479783545474
MIDWAY12,OL_MX_11,0.10479732168192327
MIDWAY12,MN_RM_12,0.25456776898146005
MIDWAY12,LB_GT_11,0.24320961445001982
MIDWAY12,MX_TR_11,0.2435410080412279
MIDWAY12,TABLE MTN5M,0.10335062309566881
MIDWAY12,LB_MW_11,0.24879647046680528
MIDWAY12,RM_TM_12,0.21366385694608833
MIDWAY12,VD_TS_11,0.23346468958982283
MIDWAY12,TESLA,0.26489266967459796
MIDWAY12,DALLASES,0.1742440294164845
MIDWAY12,L.BANS M,0.21019798314310334
MIDWAY12,OL_MX_12,0.13680020894752404
MIDWAY12,OLINDA,0.10044476593323048
MIDWAY12,RM_TM_11,0.18237843045582763
MIDWAY12,TM_VD_11,0.15752376829679746
MIDWAY12,RM_TM_21,0.18256806008545726
MIDWAY12,RD MT 1M,0.135763869123137
GATES  7,CJ_OL_13,0.3470275298829819
GATES  7,ROUND MT,0.3090492092326444
GATES  7,MN_RM_22,0.24960893855009342
GATES  7,TRACY,0.2653266737482296
GATES  7,MAXWELL,0.35871331413496055
GATES  7,MOSSLAND,0.24696559123769374
GATES  7,MN_RM_11,0.22591390809773282
GATES  7,TM_TS_12,0.28991805975152585
GATES  7,TABLE MTN,0.33671896121108813
GATES  7,TM_VD_12,0.3495571050829014
GATES  7,MN_RM_21,0.24073826530104894
GATES  7,METCALF,0.28372928103752204
GATES  7,LB_MW_12,0.28818651081283453
GATES  7,TCY MP2,0.18345943722874614
GATES  7,TM_TS_11,0.3275756081330986
GATES  7,LOSBANOS,0.2831792655539819
GATES  7,TCY MP1,0.18260610389541282
GATES  7,VACA-DIX,0.3683099256544885
GATES  7,MN_RM_23,0.3158092533775376
GATES  7,GATES,0.4413819531490635
GATES  7,MIDWAY,0.24960254131354545
GATES  7,DIABLOCNYNSS,0.32270372574328154
GATES  7,RM_TM_22,0.2908555433468041
GATES  7,GT_MW_11,0.29563467812423394
GATES  7,LB_MW_13,0.29550714018458923
GATES  7,OL_MX_11,0.35323633249206443
GATES  7,MN_RM_12,0.23689977756777858
GATES  7,LB_GT_11,0.2582054416559656
GATES  7,MX_TR_11,0.27475890098521527
GATES  7,TABLE MTN5M,0.42839450501048837
GATES  7,LB_MW_11,0.26146537199646147
GATES  7,RM_TM_12,0.2908555433468041
GATES  7,VD_TS_11,0.25434898552154406
GATES  7,TESLA,0.3254343692562049
GATES  7,DALLASES,0.20655372777560954
GATES  7,L.BANS M,0.27821559123769374
GATES  7,OL_MX_12,0.36274072143523495
GATES  7,OLINDA,0.3706123765011864
GATES  7,RM_TM_11,0.289463594720356
GATES  7,TM_VD_11,0.31933949652960114
GATES  7,RM_TM_21,0.289463594720356
GATES  7,RD MT 1M,0.3541516800540274
VACADX10,CJ_OL_13,0.1504036239215169
VACADX10,ROUND MT,0.22414413223551105
VACADX10,MN_RM_22,0.18094634557320888
VACADX10,TRACY,0.21312439430864605
VACADX10,MAXWELL,0.1747174059269479
VACADX10,MOSSLAND,0.21078298270940854
VACADX10,MN_RM_11,0.24064936679712434
VACADX10,TM_TS_12,0.2304434276688298
VACADX10,TABLE MTN,0.22423376974601855
VACADX10,TM_VD_12,0.212973922301529
VACADX10,MN_RM_21,0.1979603463185227
VACADX10,METCALF,0.26085621422923433
VACADX10,LB_MW_12,0.2885410228949316
VACADX10,TCY MP2,0.272305068227252
VACADX10,TM_TS_11,0.26215084726123306
VACADX10,LOSBANOS,0.15979909936831915
VACADX10,TCY MP1,0.272305068227252
VACADX10,VACA-DIX,0.29230137001650736
VACADX10,MN_RM_23,0.17296768336563983
VACADX10,GATES,0.18989281095300609
VACADX10,MIDWAY,0.23803731239208772
VACADX10,DIABLOCNYNSS,0.23934848208901527
VACADX10,RM_TM_22,0.19762391335856078
VACADX10,GT_MW_11,0.2582381646286978
VACADX10,LB_MW_13,0.26582178187434025
VACADX10,OL_MX_11,0.15904099511201003
VACADX10,MN_RM_12,0.2412808861867537
VACADX10,LB_GT_11,0.24743491250093497
VACADX10,MX_TR_11,0.30155916716394865
VACADX10,TABLE MTN5M,0.1627640288514317
VACADX10,LB_MW_11,0.22618848654060575
VACADX10,RM_TM_12,0.22845391335856077
VACADX10,VD_TS_11,0.3183035884076679
VACADX10,TESLA,0.17292830120598746
VACADX10,DALLASES,0.21375223606541668
VACADX10,L.BANS M,0.24570764937607523
VACADX10,OL_MX_12,0.1342362165605795
VACADX10,OLINDA,0.12319377778700331
VACADX10,RM_TM_11,0.26065168254593074
VACADX10,TM_VD_11,0.26349887406157096
VACADX10,RM_TM_21,0.20048501587926407
VACADX10,RD MT 1M,0.176861811333116
RNDMTN 4,CJ_OL_13,0.29704987545886563
RNDMTN 4,ROUND MT,0.6417812578990959
RNDMTN 4,MN_RM_22,0.4709747338723115
RNDMTN 4,TRACY,0.3408806267865725
RNDMTN 4,MAXWELL,0.37801160406346723
RNDMTN 4,MOSSLAND,0.3578586529467527
RNDMTN 4,MN_RM_11,0.3826855231301195
RNDMTN 4,TM_TS_12,0.31693059869319323
RNDMTN 4,TABLE MTN,0.4709145835797854
RNDMTN 4,TM_VD_12,0.3674285737032672
RNDMTN 4,MN_RM_21,0.4033402923375141
RNDMTN 4,METCALF,0.30862295622074043
RNDMTN 4,LB_MW_12,0.38548300257199014
RNDMTN 4,TCY MP2,0.2176267915828002
RNDMTN 4,TM_TS_11,0.3819801097806778
RNDMTN 4,LOSBANOS,0.30359523193737736
RNDMTN 4,TCY MP1,0.27304012491613355
RNDMTN 4,VACA-DIX,0.3466717575417748
RNDMTN 4,MN_RM_23,0.429672608899856
RNDMTN 4,GATES,0.3612297289962151
RNDMTN 4,MIDWAY,0.3480431350729018
RNDMTN 4,DIABLOCNYNSS,0.3198493514186148
RNDMTN 4,RM_TM_22,0.4724117114173547
RNDMTN 4,GT_MW_11,0.34893268475194816
RNDMTN 4,LB_MW_13,0.3995803376202606
RNDMTN 4,OL_MX_11,0.33789040740151693
RNDMTN 4,MN_RM_12,0.41146988089072356
RNDMTN 4,LB_GT_11,0.33495539488685355
RNDMTN 4,MX_TR_11,0.33391187382791787
RNDMTN 4,TABLE MTN5M,0.41643876798132573
RNDMTN 4,LB_MW_11,0.34250196517765696
RNDMTN 4,RM_TM_12,0.47212599713164044
RNDMTN 4,VD_TS_11,0.3552548140268208
RNDMTN 4,TESLA,0.28422839569548025
RNDMTN 4,DALLASES,0.2537420256607175
RNDMTN 4,L.BANS M,0.3325086529467526
RNDMTN 4,OL_MX_12,0.3408380256308978
RNDMTN 4,OLINDA,0.309897339165541
RNDMTN 4,RM_TM_11,0.47610898344760233
RNDMTN 4,TM_VD_11,0.4031979288582893
RNDMTN 4,RM_TM_21,0.47687088820950707
RNDMTN 4,RD MT 1M,0.4963412239747274
VACADX12,CJ_OL_13,0.223134375769441
VACADX12,ROUND MT,0.13494956529676821
VACADX12,MN_RM_22,0.1348427903711471
VACADX12,TRACY,0.09079807896448086
VACADX12,MAXWELL,0.16463500080196092
VACADX12,MOSSLAND,0.06820982898477386
VACADX12,MN_RM_11,0.11282045339702368
VACADX12,TM_TS_12,0.12817975257181652
VACADX12,TABLE MTN,0.13920337365480454
VACADX12,TM_VD_12,0.25459757362894414
VACADX12,MN_RM_21,0.09488886249382936
VACADX12,METCALF,0.10457407903624533
VACADX12,LB_MW_12,0.17845618298815696
VACADX12,TCY MP2,0.14259834349019346
VACADX12,TM_TS_11,0.1592314040354081
VACADX12,LOSBANOS,0.05318196102880573
VACADX12,TCY MP1,0.11161501015686011
VACADX12,VACA-DIX,0.2714183105215201
VACADX12,MN_RM_23,0.121749779204433
VACADX12,GATES,0.08288271440952023
VACADX12,MIDWAY,0.10555787708462352
VACADX12,DIABLOCNYNSS,0.10869595118334308
VACADX12,RM_TM_22,0.12992540547445214
VACADX12,GT_MW_11,0.09853325277064466
VACADX12,LB_MW_13,0.12555108875163426
VACADX12,OL_MX_11,0.22650407717837798
VACADX12,MN_RM_12,0.18297540273884905
VACADX12,LB_GT_11,0.09072203691929318
VACADX12,MX_TR_11,0.10526649754092131
VACADX12,TABLE MTN5M,0.1635611570101524
VACADX12,LB_MW_11,0.09340826374091038
VACADX12,RM_TM_12,0.16117540547445214
VACADX12,VD_TS_11,0.13540961498489773
VACADX12,TESLA,0.05746623847558888
VACADX12,DALLASES,0.13719048734730838
VACADX12,L.BANS M,0.09945982898477386
VACADX12,OL_MX_12,0.26801943532970574
VACADX12,OLINDA,0.21991321536058855
VACADX12,RM_TM_11,0.12864638192160668
VACADX12,TM_VD_11,0.193908620847924
VACADX12,RM_TM_21,0.12656304858827333
VACADX12,RD MT 1M,0.17085334020145598
GATES 10,CJ_OL_13,0.10079582621466632
GATES 10,ROUND MT,0.191830369125922
GATES 10,MN_RM_22,0.14654426926371264
GATES 10,TRACY,0.265707044050595
GATES 10,MAXWELL,0.14200981463324808
GATES 10,MOSSLAND,0.24780884894154515
GATES 10,MN_RM_11,0.218834382158957
GATES 10,TM_TS_12,0.3399205859574641
GATES 10,TABLE MTN,0.21677831312060578
GATES 10,TM_VD_12,0.18006030979315085
GATES 10,MN_RM_21,0.1560732658855183
GATES 10,METCALF,0.25164550692376975
GATES 10,LB_MW_12,0.30236593280022483
GATES 10,TCY MP2,0.2625831399811793
GATES 10,TM_TS_11,0.30552657115857335
GATES 10,LOSBANOS,0.20935914172572298
GATES 10,TCY MP1,0.2623545685526079
GATES 10,VACA-DIX,0.1630008512396832
GATES 10,MN_RM_23,0.13720658836135122
GATES 10,GATES,0.3666167723733107
GATES 10,MIDWAY,0.2293752122835717
GATES 10,DIABLOCNYNSS,0.3040949094193723
GATES 10,RM_TM_22,0.16579986221076806
GATES 10,GT_MW_11,0.3439510998955628
GATES 10,LB_MW_13,0.254305481655859
GATES 10,OL_MX_11,0.10668779105117576
GATES 10,MN_RM_12,0.2314812364673206
GATES 10,LB_GT_11,0.30421811836228957
GATES 10,MX_TR_11,0.24624095957934578
GATES 10,TABLE MTN5M,0.15886557445516844
GATES 10,LB_MW_11,0.31512670746635074
GATES 10,RM_TM_12,0.19623716379806966
GATES 10,VD_TS_11,0.3003814480762952
GATES 10,TESLA,0.3170575923469028
GATES 10,DALLASES,0.2089094632129539
GATES 10,L.BANS M,0.28560361084630703
GATES 10,OL_MX_12,0.10960262018600496
GATES 10,OLINDA,0.07103567889524856
GATES 10,RM_TM_11,0.19778512766449344
GATES 10,TM_VD_11,0.19877477993832948
GATES 10,RM_TM_21,0.22760980298916877
GATES 10,RD MT 1M,0.17814368146266196
GATES 13,CJ_OL_13,0.17048812495623925
GATES 13,ROUND MT,0.2662342880977134
GATES 13,MN_RM_22,0.21884810536644317
GATES 13,TRACY,0.19430380178034035
GATES 13,MAXWELL,0.20710018491947424
GATES 13,MOSSLAND,0.18801310710961347
GATES 13,MN_RM_11,0.20954423422959711
GATES 13,TM_TS_12,0.26373719976276666
GATES 13,TABLE MTN,0.28994460288439394
GATES 13,TM_VD_12,0.2397868371345025
GATES 13,MN_RM_21,0.20767919759774497
GATES 13,METCALF,0.23771305569469112
GATES 13,LB_MW_12,0.30688999772645764
GATES 13,TCY MP2,0.30766697024524975
GATES 13,TM_TS_11,0.33437648475325
GATES 13,LOSBANOS,0.1476831342033679
GATES 13,TCY MP1,0.30766697024524975
GATES 13,VACA-DIX,0.22918758509520357
GATES 13,MN_RM_23,0.27298159446371784
GATES 13,GATES,0.3035859145818425
GATES 13,MIDWAY,0.19198568890470732
GATES 13,DIABLOCNYNSS,0.244199456929778
GATES 13,RM_TM_22,0.2144446799120417
GATES 13,GT_MW_11,0.2804061235964447
GATES 13,LB_MW_13,0.33920036702241557
GATES 13,OL_MX_11,0.15360056794011384
GATES 13,MN_RM_12,0.23489077616744095
GATES 13,LB_GT_11,0.23587628036799396
GATES 13,MX_TR_11,0.24964707814968357
GATES 13,TABLE MTN5M,0.257463606691142
GATES 13,LB_MW_11,0.23893421991743774
GATES 13,RM_TM_12,0.2456946799120417
GATES 13,VD_TS_11,0.2630350211844742
GATES 13,TESLA,0.2482844897517299
GATES 13,DALLASES,0.28022574372619624
GATES 13,L.BANS M,0.2218844404429468
GATES 13,OL_MX_12,0.15896874416130966
GATES 13,OLINDA,0.11070933997017124
GATES 13,RM_TM_11,0.24654263636719587
GATES 13,TM_VD_11,0.2668789247679152
GATES 13,RM_TM_21,0.2468283506529102
GATES 13,RD MT 1M,0.24635127818763133
MIDWAY13,CJ_OL_13,0.12208646375721317
MIDWAY13,ROUND MT,0.12939631248868377
MIDWAY13,MN_RM_22,0.15255883162380063
MIDWAY13,TRACY,0.2498513450665481
MIDWAY13,MAXWELL,0.14668420572191304
MIDWAY13,MOSSLAND,0.2524113690165451
MIDWAY13,MN_RM_11,0.2167632228093647
MIDWAY13,TM_TS_12,0.26054082911185955
MIDWAY13,TABLE MTN,0.1264039758394385
MIDWAY13,TM_VD_12,0.12344307726365479
MIDWAY13,MN_RM_21,0.16019176553560935
MIDWAY13,METCALF,0.26283835484142043
MIDWAY13,LB_MW_12,0.20604476951552897
MIDWAY13,TCY MP2,0.14211588824841886
MIDWAY13,TM_TS_11,0.16947571829020486
MIDWAY13,LOSBANOS,0.235192097971485
MIDWAY13,TCY MP1,0.17336588824841886
MIDWAY13,VACA-DIX,0.09465992926300709
MIDWAY13,MN_RM_23,0.17298879189372213
MIDWAY13,GATES,0.23718675987276117
MIDWAY13,MIDWAY,0.4027941510986904
MIDWAY13,DIABLOCNYNSS,0.25527333482420766
MIDWAY13,RM_TM_22,0.13365430075375326
MIDWAY13,GT_MW_11,0.24988777926865213
MIDWAY13,LB_MW_13,0.236327809217134
MIDWAY13,OL_MX_11,0.09560390647168285
MIDWAY13,MN_RM_12,0.20327873684331707
MIDWAY13,LB_GT_11,0.24388995286317391
MIDWAY13,MX_TR_11,0.22234797931496894
MIDWAY13,TABLE MTN5M,0.09087623965315467
MIDWAY13,LB_MW_11,0.23620165982820748
MIDWAY13,RM_TM_12,0.1640739303833829
MIDWAY13,VD_TS_11,0.20954802537528783
MIDWAY13,TESLA,0.27853976541719416
MIDWAY13,DALLASES,0.16042005351720173
MIDWAY13,L.BANS M,0.2208280356832118
MIDWAY13,OL_MX_12,0.09687379394019464
MIDWAY13,OLINDA,0.0925270598282533
MIDWAY13,RM_TM_11,0.16304293220440477
MIDWAY13,TM_VD_11,0.14296176948191996
MIDWAY13,RM_TM_21,0.16376219146366405
MIDWAY13,RD MT 1M,0.12269963548274491
METCLF 5,CJ_OL_13,
METCLF 5,ROUND MT,
METCLF 5,MN_RM_22,
METCLF 5,TRACY,
METCLF 5,MAXWELL,
METCLF 5,MOSSLAND,
METCLF 5,MN_RM_11,
METCLF 5,TM_TS_12,
METCLF 5,TABLE MTN,
METCLF 5,TM_VD_12,
METCLF 5,MN_RM_21,
METCLF 5,METCALF,
METCLF 5,LB_MW_12,
METCLF 5,TCY MP2,
METCLF 5,TM_TS_11,
METCLF 5,LOSBANOS,
METCLF 5,TCY MP1,
METCLF 5,VACA-DIX,
METCLF 5,MN_RM_23,
METCLF 5,GATES,
METCLF 5,MIDWAY,
METCLF 5,DIABLOCNYNSS,
METCLF 5,RM_TM_22,
METCLF 5,GT_MW_11,
METCLF 5,LB_MW_13,
METCLF 5,OL_MX_11,
METCLF 5,MN_RM_12,
METCLF 5,LB_GT_11,
METCLF 5,MX_TR_11,
METCLF 5,TABLE MTN5M,
METCLF 5,LB_MW_11,
METCLF 5,RM_TM_12,
METCLF 5,VD_TS_11,
METCLF 5,TESLA,
METCLF 5,DALLASES,
METCLF 5,L.BANS M,
METCLF 5,OL_MX_12,
METCLF 5,OLINDA,
METCLF 5,RM_TM_11,
METCLF 5,TM_VD_11,
METCLF 5,RM_TM_21,
METCLF 5,RD MT 1M,
RNDMTN 7,CJ_OL_13,0.13654627092022664
RNDMTN 7,ROUND MT,0.2695272951501161
RNDMTN 7,MN_RM_22,0.26404850664771984
RNDMTN 7,TRACY,0.10866508645424602
RNDMTN 7,MAXWELL,0.13985212438775055
RNDMTN 7,MOSSLAND,0.12364596127308303
RNDMTN 7,MN_RM_11,0.21938386481273803
RNDMTN 7,TM_TS_12,0.12183494104635786
RNDMTN 7,TABLE MTN,0.24061756313799715
RNDMTN 7,TM_VD_12,0.1750414970610264
RNDMTN 7,MN_RM_21,0.23373590343061945
RNDMTN 7,METCALF,0.12806811595383197
RNDMTN 7,LB_MW_12,0.21419964893198312
RNDMTN 7,TCY MP2,0.18215715924318637
RNDMTN 7,TM_TS_11,0.18253637268778922
RNDMTN 7,LOSBANOS,0.16318602240185082
RNDMTN 7,TCY MP1,0.14657049257651972
RNDMTN 7,VACA-DIX,0.19707803853473815
RNDMTN 7,MN_RM_23,0.2552623860937861
RNDMTN 7,GATES,0.1298056278117719
RNDMTN 7,MIDWAY,0.20790465108731288
RNDMTN 7,DIABLOCNYNSS,0.1420959161680237
RNDMTN 7,RM_TM_22,0.23373019243569423
RNDMTN 7,GT_MW_11,0.15251258283469032
RNDMTN 7,LB_MW_13,0.22752722714800083
RNDMTN 7,OL_MX_11,0.17114817137170119
RNDMTN 7,MN_RM_12,0.24439525266926915
RNDMTN 7,LB_GT_11,0.16867130629549887
RNDMTN 7,MX_TR_11,0.13481059497064493
RNDMTN 7,TABLE MTN5M,0.237143859553609
RNDMTN 7,LB_MW_11,0.17530388426805632
RNDMTN 7,RM_TM_12,0.2329682876737895
RNDMTN 7,VD_TS_11,0.1868671542405177
RNDMTN 7,TESLA,0.14358201512882757
RNDMTN 7,DALLASES,0.17125890527029747
RNDMTN 7,L.BANS M,0.15445596127308303
RNDMTN 7,OL_MX_12,0.1770680831328506
RNDMTN 7,OLINDA,0.17507151240467983
RNDMTN 7,RM_TM_11,0.23064030270697922
RNDMTN 7,TM_VD_11,0.20500282337968534
RNDMTN 7,RM_TM_21,0.23140220746888396
RNDMTN 7,RD MT 1M,0.2579867333911411
TBLMTN11,CJ_OL_13,0.13969627092022666
TBLMTN11,ROUND MT,0.20880627054534592
TBLMTN11,MN_RM_22,0.2039661366684091
TBLMTN11,TRACY,0.14083640647693624
TBLMTN11,MAXWELL,0.141636483107445
TBLMTN11,MOSSLAND,0.15945500286058947
TBLMTN11,MN_RM_11,0.22231891522071612
TBLMTN11,TM_TS_12,0.2149500120481297
TBLMTN11,TABLE MTN,0.32428500729565674
TBLMTN11,TM_VD_12,0.23914067878716336
TBLMTN11,MN_RM_21,0.20614048489920475
TBLMTN11,METCALF,0.16493109858320487
TBLMTN11,LB_MW_12,0.24972980172294246
TBLMTN11,TCY MP2,0.18080629395398945
TBLMTN11,TM_TS_11,0.2777619582465112
TBLMTN11,LOSBANOS,0.12904379544505207
TBLMTN11,TCY MP1,0.21146962728732277
TBLMTN11,VACA-DIX,0.16409793258700311
TBLMTN11,MN_RM_23,0.19656616534826943
TBLMTN11,GATES,0.13102303924270065
TBLMTN11,MIDWAY,0.14270006281362546
TBLMTN11,DIABLOCNYNSS,0.1846461895545385
TBLMTN11,RM_TM_22,0.2031142477249496
TBLMTN11,GT_MW_11,0.21631523717358608
TBLMTN11,LB_MW_13,0.26237915516561455
TBLMTN11,OL_MX_11,0.20511706026059007
TBLMTN11,MN_RM_12,0.21551830979831088
TBLMTN11,LB_GT_11,0.23425184064032495
TBLMTN11,MX_TR_11,0.1990817415544946
TBLMTN11,TABLE MTN5M,0.30359324381891206
TBLMTN11,LB_MW_11,0.24129752968946672
TBLMTN11,RM_TM_12,0.2343642477249496
TBLMTN11,VD_TS_11,0.1903113231500528
TBLMTN11,TESLA,0.17610617646092266
TBLMTN11,DALLASES,0.17616337921435685
TBLMTN11,L.BANS M,0.15949500286058949
TBLMTN11,OL_MX_12,0.18010697202173953
TBLMTN11,OLINDA,0.1715437346269021
TBLMTN11,RM_TM_11,0.2628672151390917
TBLMTN11,TM_VD_11,0.2993473584873322
TBLMTN11,RM_TM_21,0.23218864371052028
TBLMTN11,RD MT 1M,0.258648665730852
GATES  8,CJ_OL_13,0.1950025470229199
GATES  8,ROUND MT,0.382858275662856
GATES  8,MN_RM_22,0.3027750145554073
GATES  8,TRACY,0.48426980887797827
GATES  8,MAXWELL,0.3440711387078357
GATES  8,MOSSLAND,0.418094846447438
GATES  8,MN_RM_11,0.2891823406731153
GATES  8,TM_TS_12,0.42840925987358636
GATES  8,TABLE MTN,0.408484733145123
GATES  8,TM_VD_12,0.2807247020273235
GATES  8,MN_RM_21,0.26234600258610946
GATES  8,METCALF,0.37287078748989544
GATES  8,LB_MW_12,0.35998797284146644
GATES  8,TCY MP2,0.24052741575585387
GATES  8,TM_TS_11,0.3630154559252033
GATES  8,LOSBANOS,0.4849779218098535
GATES  8,TCY MP1,0.24025087254597732
GATES  8,VACA-DIX,0.301906450493946
GATES  8,MN_RM_23,0.24934799398547342
GATES  8,GATES,0.7740587350993267
GATES  8,MIDWAY,0.35407001830588597
GATES  8,DIABLOCNYNSS,0.4571344093057246
GATES  8,RM_TM_22,0.3202870079518748
GATES  8,GT_MW_11,0.4771214463427616
GATES  8,LB_MW_13,0.341969276032502
GATES  8,OL_MX_11,0.19938558164354553
GATES  8,MN_RM_12,0.27656091843911945
GATES  8,LB_GT_11,0.4214438992790389
GATES  8,MX_TR_11,0.3564759223975166
GATES  8,TABLE MTN5M,0.30121632453058766
GATES  8,LB_MW_11,0.40571776993087516
GATES  8,RM_TM_12,0.3196549091864427
GATES  8,VD_TS_11,0.36014631420850884
GATES  8,TESLA,0.49679687295062297
GATES  8,DALLASES,0.19312535080752297
GATES  8,L.BANS M,0.39809151311410457
GATES  8,OL_MX_12,0.2020917469471343
GATES  8,OLINDA,0.22420900278977035
GATES  8,RM_TM_11,0.32120262288072676
GATES  8,TM_VD_11,0.295690384735794
GATES  8,RM_TM_21,0.3217142278189984
GATES  8,RD MT 1M,0.34567239154374124
VACADX11,CJ_OL_13,0.17033407357417749
VACADX11,ROUND MT,0.2070450098871788
VACADX11,MN_RM_22,0.17687730534601903
VACADX11,TRACY,0.1435130906438598
VACADX11,MAXWELL,0.2384584273191541
VACADX11,MOSSLAND,0.13182784300002856
VACADX11,MN_RM_11,0.23089534884095314
VACADX11,TM_TS_12,0.15473548109149488
VACADX11,TABLE MTN,0.20948501232926278
VACADX11,TM_VD_12,0.3130975732616502
VACADX11,MN_RM_21,0.1958887378783557
VACADX11,METCALF,0.2062462176244521
VACADX11,LB_MW_12,0.18872171656641748
VACADX11,TCY MP2,0.19428013225755555
VACADX11,TM_TS_11,0.2502527432609898
VACADX11,LOSBANOS,0.09819102697492887
VACADX11,TCY MP1,0.22579679892422222
VACADX11,VACA-DIX,0.36880926128310515
VACADX11,MN_RM_23,0.20658621604497937
VACADX11,GATES,0.13025678888569905
VACADX11,MIDWAY,0.1569318226616498
VACADX11,DIABLOCNYNSS,0.1622415622123648
VACADX11,RM_TM_22,0.16050553975131435
VACADX11,GT_MW_11,0.1830621971329997
VACADX11,LB_MW_13,0.19040104942212852
VACADX11,OL_MX_11,0.20584437614272252
VACADX11,MN_RM_12,0.18635832276505418
VACADX11,LB_GT_11,0.17714450115944513
VACADX11,MX_TR_11,0.21037535642254418
VACADX11,TABLE MTN5M,0.21805248033888672
VACADX11,LB_MW_11,0.21157879631637663
VACADX11,RM_TM_12,0.2205336349894096
VACADX11,VD_TS_11,0.23283970005254884
VACADX11,TESLA,0.10583478302112598
VACADX11,DALLASES,0.25446415388860477
VACADX11,L.BANS M,0.16307784300002856
VACADX11,OL_MX_12,0.2110808059507469
VACADX11,OLINDA,0.1714169864256224
VACADX11,RM_TM_11,0.22617785011307967
VACADX11,TM_VD_11,0.301623350511725
VACADX11,RM_TM_21,0.19492785011307967
VACADX11,RD MT 1M,0.23566483840033606
GATES 15,CJ_OL_13,0.16711443408457807
GATES 15,ROUND MT,0.2193827594032609
GATES 15,MN_RM_22,0.17646192718160308
GATES 15,TRACY,0.15376681561479022
GATES 15,MAXWELL,0.24311151818880627
GATES 15,MOSSLAND,0.14314976147756647
GATES 15,MN_RM_11,0.17304779286350988
GATES 15,TM_TS_12,0.22535409146637797
GATES 15,TABLE MTN,0.2447835897028856
GATES 15,TM_VD_12,0.2780882052166063
GATES 15,MN_RM_21,0.17161700260852106
GATES 15,METCALF,0.19073095167441767
GATES 15,LB_MW_12,0.24268271965785743
GATES 15,TCY MP2,0.2513547394721752
GATES 15,TM_TS_11,0.28671902969184315
GATES 15,LOSBANOS,0.10640507066993697
GATES 15,TCY MP1,0.2864791839166196
GATES 15,VACA-DIX,0.27420433333635863
GATES 15,MN_RM_23,0.22156668135695307
GATES 15,GATES,0.2626146718452655
GATES 15,MIDWAY,0.14506525803940706
GATES 15,DIABLOCNYNSS,0.1944094086728228
GATES 15,RM_TM_22,0.17073141055354513
GATES 15,GT_MW_11,0.23090559914901332
GATES 15,LB_MW_13,0.2446051893876104
GATES 15,OL_MX_11,0.18611194437201362
GATES 15,MN_RM_12,0.19364572263469992
GATES 15,LB_GT_11,0.18838225635730416
GATES 15,MX_TR_11,0.1978839076813553
GATES 15,TABLE MTN5M,0.2866881681041816
GATES 15,LB_MW_11,0.19320098130543656
GATES 15,RM_TM_12,0.20198141055354513
GATES 15,VD_TS_11,0.21623214717755043
GATES 15,TESLA,0.2092937054481031
GATES 15,DALLASES,0.3147602928606359
GATES 15,L.BANS M,0.17714376147756647
GATES 15,OL_MX_12,0.1904575740520436
GATES 15,OLINDA,0.13946067538883408
GATES 15,RM_TM_11,0.20337828089216425
GATES 15,TM_VD_11,0.2756108178299144
GATES 15,RM_TM_21,0.20337828089216425
GATES 15,RD MT 1M,0.28284487792816204
RNDMTN 5,CJ_OL_13,0.10737960425355997
RNDMTN 5,ROUND MT,0.27034780797062885
RNDMTN 5,MN_RM_22,0.2348818399810532
RNDMTN 5,TRACY,0.10892064200980156
RNDMTN 5,MAXWELL,0.14058545772108386
RNDMTN 5,MOSSLAND,0.12395262793974969
RNDMTN 5,MN_RM_11,0.19021719814607138
RNDMTN 5,TM_TS_12,0.12238039559181241
RNDMTN 5,TABLE MTN,0.24129448621492025
RNDMTN 5,TM_VD_12,0.17610816372769308
RNDMTN 5,MN_RM_21,0.2053311415258576
RNDMTN 5,METCALF,0.12840885669457275
RNDMTN 5,LB_MW_12,0.18583298226531647
RNDMTN 5,TCY MP2,0.14801049257651971
RNDMTN 5,TM_TS_11,0.18345065840207492
RNDMTN 5,LOSBANOS,0.128413182895678
RNDMTN 5,TCY MP1,0.182423825909853
RNDMTN 5,VACA-DIX,0.16314470520140484
RNDMTN 5,MN_RM_23,0.22698460831600833
RNDMTN 5,GATES,0.13003278830559906
RNDMTN 5,MIDWAY,0.1735783352978392
RNDMTN 5,DIABLOCNYNSS,0.14255305902516655
RNDMTN 5,RM_TM_22,0.2342063829118847
RNDMTN 5,GT_MW_11,0.1529697256918332
RNDMTN 5,LB_MW_13,0.19921389381466753
RNDMTN 5,OL_MX_11,0.14261706026059007
RNDMTN 5,MN_RM_12,0.21522858600260247
RNDMTN 5,LB_GT_11,0.1397713062954989
RNDMTN 5,MX_TR_11,0.13551647732358613
RNDMTN 5,TABLE MTN5M,0.23681052622027562
RNDMTN 5,LB_MW_11,0.14641600548017752
RNDMTN 5,RM_TM_12,0.23344447814997996
RNDMTN 5,VD_TS_11,0.15833206652121942
RNDMTN 5,TESLA,0.1088273484621609
RNDMTN 5,DALLASES,0.17232557193696413
RNDMTN 5,L.BANS M,0.15489596127308303
RNDMTN 5,OL_MX_12,0.1486347497995173
RNDMTN 5,OLINDA,0.1402937346269021
RNDMTN 5,RM_TM_11,0.23130696937364587
RNDMTN 5,TM_VD_11,0.20573615671301868
RNDMTN 5,RM_TM_21,0.23187839794507445
RNDMTN 5,RD MT 1M,0.25887562228003
INDNSP 1,CJ_OL_13,0.35823136312842424
INDNSP 1,ROUND MT,0.29954082338287413
INDNSP 1,MN_RM_22,0.3240884310974769
INDNSP 1,TRACY,0.22013405656701218
INDNSP 1,MAXWELL,0.2877738187739032
INDNSP 1,MOSSLAND,0.23055867499275684
INDNSP 1,MN_RM_11,0.32814446829200167
INDNSP 1,TM_TS_12,0.2747589243979426
INDNSP 1,TABLE MTN,0.3172197931464207
INDNSP 1,TM_VD_12,0.3184567481923957
INDNSP 1,MN_RM_21,0.34577554677786376
INDNSP 1,METCALF,0.2359401004878064
INDNSP 1,LB_MW_12,0.2652990583808996
INDNSP 1,TCY MP2,0.27729598772560354
INDNSP 1,TM_TS_11,0.33587937628655545
INDNSP 1,LOSBANOS,0.27046092510484726
INDNSP 1,TCY MP1,0.19654598772560355
INDNSP 1,VACA-DIX,0.35726129806743373
INDNSP 1,MN_RM_23,0.34003190263040983
INDNSP 1,GATES,0.24626591769036765
INDNSP 1,MIDWAY,0.32055416069236176
INDNSP 1,DIABLOCNYNSS,0.27036318614433896
INDNSP 1,RM_TM_22,0.22705057848364285
INDNSP 1,GT_MW_11,0.2319465194776723
INDNSP 1,LB_MW_13,0.2693803021233834
INDNSP 1,OL_MX_11,0.3927424587730167
INDNSP 1,MN_RM_12,0.30701340058454685
INDNSP 1,LB_GT_11,0.2723155144864553
INDNSP 1,MX_TR_11,0.24342572582092842
INDNSP 1,TABLE MTN5M,0.29511403727161
INDNSP 1,LB_MW_11,0.2749368929317065
INDNSP 1,RM_TM_12,0.22705057848364285
INDNSP 1,VD_TS_11,0.31461219840007226
INDNSP 1,TESLA,0.3055198694169803
INDNSP 1,DALLASES,0.19858081673891168
INDNSP 1,L.BANS M,0.29305867499275684
INDNSP 1,OL_MX_12,0.3708651622364143
INDNSP 1,OLINDA,0.42735299692117706
INDNSP 1,RM_TM_11,0.26142069371823684
INDNSP 1,TM_VD_11,0.32384308887001223
INDNSP 1,RM_TM_21,0.26142069371823684
INDNSP 1,RD MT 1M,0.37023852960877857
GATES 12,CJ_OL_13,0.10811643950042066
GATES 12,ROUND MT,0.23728805846191597
GATES 12,MN_RM_22,0.21748462882339703
GATES 12,TRACY,0.28343547816139963
GATES 12,MAXWELL,0.18866874248937943
GATES 12,MOSSLAND,0.28894888646052963
GATES 12,MN_RM_11,0.23362803169817759
GATES 12,TM_TS_12,0.3548683454047521
GATES 12,TABLE MTN,0.26162556011818955
GATES 12,TM_VD_12,0.21998813014117274
GATES 12,MN_RM_21,0.17089376212319907
GATES 12,METCALF,0.27489656684468544
GATES 12,LB_MW_12,0.3260718201248292
GATES 12,TCY MP2,0.3149629441897244
GATES 12,TM_TS_11,0.2947680496596728
GATES 12,LOSBANOS,0.19398491031804316
GATES 12,TCY MP1,0.2831094354177946
GATES 12,VACA-DIX,0.17723825287393558
GATES 12,MN_RM_23,0.15175039759506972
GATES 12,GATES,0.385919188796924
GATES 12,MIDWAY,0.24682653871191898
GATES 12,DIABLOCNYNSS,0.28813928088524837
GATES 12,RM_TM_22,0.23625059540202104
GATES 12,GT_MW_11,0.32718277294874043
GATES 12,LB_MW_13,0.2730774569886048
GATES 12,OL_MX_11,0.11462861116182584
GATES 12,MN_RM_12,0.24655987327650755
GATES 12,LB_GT_11,0.2924717738989302
GATES 12,MX_TR_11,0.2982936921666453
GATES 12,TABLE MTN5M,0.17026100012874334
GATES 12,LB_MW_11,0.30031498608930923
GATES 12,RM_TM_12,0.2666023497879859
GATES 12,VD_TS_11,0.32470087420996
GATES 12,TESLA,0.30028723337706376
GATES 12,DALLASES,0.2251971260072999
GATES 12,L.BANS M,0.292020219793863
GATES 12,OL_MX_12,0.14952131704768967
GATES 12,OLINDA,0.07851311877895893
GATES 12,RM_TM_11,0.23741413441227893
GATES 12,TM_VD_11,0.20946209794118675
GATES 12,RM_TM_21,0.23797553792105086
GATES 12,RD MT 1M,0.22524648295265876
LOSBNS 5,CJ_OL_13,0.12489980381096935
LOSBNS 5,ROUND MT,0.31392622677188786
LOSBNS 5,MN_RM_22,0.2234823116008902
LOSBNS 5,TRACY,0.30376149834269056
LOSBNS 5,MAXWELL,0.17704648972567621
LOSBNS 5,MOSSLAND,0.3712207185804739
LOSBNS 5,MN_RM_11,0.23307841508885957
LOSBNS 5,TM_TS_12,0.3049948786031018
LOSBNS 5,TABLE MTN,0.24523787149579857
LOSBNS 5,TM_VD_12,0.16967224334703018
LOSBNS 5,MN_RM_21,0.205999061177228
LOSBNS 5,METCALF,0.2459438598320951
LOSBNS 5,LB_MW_12,0.2942927535046211
LOSBNS 5,TCY MP2,0.18744337507387387
LOSBNS 5,TM_TS_11,0.23319361864547505
LOSBNS 5,LOSBANOS,0.4060252818686146
LOSBNS 5,TCY MP1,0.22186155689205567
LOSBNS 5,VACA-DIX,0.16110743051233828
LOSBNS 5,MN_RM_23,0.18920867671089353
LOSBNS 5,GATES,0.3148485176383328
LOSBNS 5,MIDWAY,0.25131978030185836
LOSBNS 5,DIABLOCNYNSS,0.37009381208775066
LOSBNS 5,RM_TM_22,0.2384925736853702
LOSBNS 5,GT_MW_11,0.2989816908756294
LOSBNS 5,LB_MW_13,0.2742291910370103
LOSBNS 5,OL_MX_11,0.13052395206400108
LOSBNS 5,MN_RM_12,0.21780865908312197
LOSBNS 5,LB_GT_11,0.33663137219719297
LOSBNS 5,MX_TR_11,0.26358644529636616
LOSBNS 5,TABLE MTN5M,0.187647998733777
LOSBNS 5,LB_MW_11,0.34717891925701755
LOSBNS 5,RM_TM_12,0.2378267150995116
LOSBNS 5,VD_TS_11,0.286060217012074
LOSBNS 5,TESLA,0.2891598490317876
LOSBNS 5,DALLASES,0.20501607755268902
LOSBNS 5,L.BANS M,0.4054770822168375
LOSBNS 5,OL_MX_12,0.13390022835936838
LOSBNS 5,OLINDA,0.16548860258182818
LOSBNS 5,RM_TM_11,0.23946747583334768
LOSBNS 5,TM_VD_11,0.18690354887128469
LOSBNS 5,RM_TM_21,0.2399523243181962
LOSBNS 5,RD MT 1M,0.18032650800456895
TBLMTN12,CJ_OL_13,0.15368152686505845
TBLMTN12,ROUND MT,0.18182566934374977
TBLMTN12,MN_RM_22,0.1984889871171155
TBLMTN12,TRACY,0.12716642525713345
TBLMTN12,MAXWELL,0.16583647644149022
TBLMTN12,MOSSLAND,0.10730113894037388
TBLMTN12,MN_RM_11,0.19271671355894243
TBLMTN12,TM_TS_12,0.2306985795133849
TBLMTN12,TABLE MTN,0.29093320318053795
TBLMTN12,TM_VD_12,0.3516045600959308
TBLMTN12,MN_RM_21,0.18017103686822633
TBLMTN12,METCALF,0.1491204865112553
TBLMTN12,LB_MW_12,0.2877350415889416
TBLMTN12,TCY MP2,0.19090555463655212
TBLMTN12,TM_TS_11,0.2545350231024419
TBLMTN12,LOSBANOS,0.15201658799509782
TBLMTN12,TCY MP1,0.19031888796988544
TBLMTN12,VACA-DIX,0.1916202202130951
TBLMTN12,MN_RM_23,0.19384446859797702
TBLMTN12,GATES,0.15047231815483286
TBLMTN12,MIDWAY,0.11838390010800824
TBLMTN12,DIABLOCNYNSS,0.2025093715984188
TBLMTN12,RM_TM_22,0.233189887901938
TBLMTN12,GT_MW_11,0.19709508588413313
TBLMTN12,LB_MW_13,0.2690427986856972
TBLMTN12,OL_MX_11,0.19397507943523756
TBLMTN12,MN_RM_12,0.2167236511012426
TBLMTN12,LB_GT_11,0.21693426904816845
TBLMTN12,MX_TR_11,0.17777289203920127
TBLMTN12,TABLE MTN5M,0.3341698118734955
TBLMTN12,LB_MW_11,0.25266752185104435
TBLMTN12,RM_TM_12,0.2936065545686047
TBLMTN12,VD_TS_11,0.14304375902845085
TBLMTN12,TESLA,0.1256174064720909
TBLMTN12,DALLASES,0.20064618611134694
TBLMTN12,L.BANS M,0.10774113894037388
TBLMTN12,OL_MX_12,0.25565203849048074
TBLMTN12,OLINDA,0.18604206421873318
TBLMTN12,RM_TM_11,0.22963216723182445
TBLMTN12,TM_VD_11,0.3015737436020083
TBLMTN12,RM_TM_21,0.22963216723182445
TBLMTN12,RD MT 1M,0.2826023023266176
VACADX 9,CJ_OL_13,0.22579548688055207
VACADX 9,ROUND MT,0.14479696234910144
VACADX 9,MN_RM_22,0.13790726130931502
VACADX 9,TRACY,0.09358110417933824
VACADX 9,MAXWELL,0.17051649366886787
VACADX 9,MOSSLAND,0.07172012590926936
VACADX 9,MN_RM_11,0.11454818607523055
VACADX 9,TM_TS_12,0.07093214607203606
VACADX 9,TABLE MTN,0.1443884165398474
VACADX 9,TM_VD_12,0.20501917878388262
VACADX 9,MN_RM_21,0.12811463745131083
VACADX 9,METCALF,0.10795169578342728
VACADX 9,LB_MW_12,0.11994530063521579
VACADX 9,TCY MP2,0.150223705809034
VACADX 9,TM_TS_11,0.10696910258739233
VACADX 9,LOSBANOS,0.09065576121979002
VACADX 9,TCY MP1,0.11545126136458957
VACADX 9,VACA-DIX,0.3190407522048813
VACADX 9,MN_RM_23,0.15707652308971243
VACADX 9,GATES,0.08535651460050456
VACADX 9,MIDWAY,0.143032923524252
VACADX 9,DIABLOCNYNSS,0.11093527891443551
VACADX 9,RM_TM_22,0.10753651658556325
VACADX 9,GT_MW_11,0.0695225805017371
VACADX 9,LB_MW_13,0.1266028142418303
VACADX 9,OL_MX_11,0.23361852162282243
VACADX 9,MN_RM_12,0.12440349977415016
VACADX 9,LB_GT_11,0.09169113569421679
VACADX 9,MX_TR_11,0.0774014250771532
VACADX 9,TABLE MTN5M,0.1765795522885477
VACADX 9,LB_MW_11,0.09451610942984566
VACADX 9,RM_TM_12,0.10753651658556325
VACADX 9,VD_TS_11,0.1366243747102982
VACADX 9,TESLA,0.09725349823740748
VACADX 9,DALLASES,0.17306551259324127
VACADX 9,L.BANS M,0.13422012590926935
VACADX 9,OL_MX_12,0.24419499088526128
VACADX 9,OLINDA,0.2645821042494774
VACADX 9,RM_TM_11,0.10581304858827334
VACADX 9,TM_VD_11,0.17359447961105545
VACADX 9,RM_TM_21,0.10581304858827334
VACADX 9,RD MT 1M,0.14713148834960413
GATES 16,CJ_OL_13,0.11075515767767746
GATES 16,ROUND MT,0.21622442868310868
GATES 16,MN_RM_22,0.17053123006409243
GATES 16,TRACY,0.23809386184478504
GATES 16,MAXWELL,0.1595964320803057
GATES 16,MOSSLAND,0.23216192860529128
GATES 16,MN_RM_11,0.2431000027109764
GATES 16,TM_TS_12,0.31030542998441546
GATES 16,TABLE MTN,0.23870114368568307
GATES 16,TM_VD_12,0.19998048803928847
GATES 16,MN_RM_21,0.17478954367713728
GATES 16,METCALF,0.27489746915725616
GATES 16,LB_MW_12,0.31570376754106677
GATES 16,TCY MP2,0.2804072136822911
GATES 16,TM_TS_11,0.2942233698232028
GATES 16,LOSBANOS,0.19326750750438793
GATES 16,TCY MP1,0.2804072136822911
GATES 16,VACA-DIX,0.17570126200975486
GATES 16,MN_RM_23,0.15994837753283198
GATES 16,GATES,0.34961127034617323
GATES 16,MIDWAY,0.2438910391142558
GATES 16,DIABLOCNYNSS,0.29560889830490816
GATES 16,RM_TM_22,0.1889020223444634
GATES 16,GT_MW_11,0.33183588243189227
GATES 16,LB_MW_13,0.2934656351816505
GATES 16,OL_MX_11,0.12077281690976276
GATES 16,MN_RM_12,0.22797339113120663
GATES 16,LB_GT_11,0.2842481527335516
GATES 16,MX_TR_11,0.2688241968428511
GATES 16,TABLE MTN5M,0.17477751858188906
GATES 16,LB_MW_11,0.2857636289195751
GATES 16,RM_TM_12,0.21992980012224117
GATES 16,VD_TS_11,0.3057870807483468
GATES 16,TESLA,0.29014659185804126
GATES 16,DALLASES,0.22031120396486387
GATES 16,L.BANS M,0.3015399286052913
GATES 16,OL_MX_12,0.1250655216552694
GATES 16,OLINDA,0.08131484132795319
GATES 16,RM_TM_11,0.2207353808146702
GATES 16,TM_VD_11,0.2191584296938942
GATES 16,RM_TM_21,0.22095760303689244
GATES 16,RD MT 1M,0.19677404794430772
TBLMTN10,CJ_OL_13,0.13969627092022666
TBLMTN10,ROUND MT,0.20829345003252542
TBLMTN10,MN_RM_22,0.2034533161555886
TBLMTN10,TRACY,0.14058085092138067
TBLMTN10,MAXWELL,0.140236483107445
TBLMTN10,MOSSLAND,0.15916166952725613
TBLMTN10,MN_RM_11,0.19067675835797102
TBLMTN10,TM_TS_12,0.21451364841176607
TBLMTN10,TABLE MTN,0.32428500729565674
TBLMTN10,TM_VD_12,0.2392517898982745
TBLMTN10,MN_RM_21,0.20537858013729998
TBLMTN10,METCALF,0.164442209694316
TBLMTN10,LB_MW_12,0.2491798017229424
TBLMTN10,TCY MP2,0.18000273839843386
TBLMTN10,TM_TS_11,0.2457500534846064
TBLMTN10,LOSBANOS,0.1288166349512249
TBLMTN10,TCY MP1,0.24561629395398943
TBLMTN10,VACA-DIX,0.16409793258700311
TBLMTN10,MN_RM_23,0.19601060979271387
TBLMTN10,GATES,0.13072674294640435
TBLMTN10,MIDWAY,0.14205444877853773
TBLMTN10,DIABLOCNYNSS,0.18429063399898293
TBLMTN10,RM_TM_22,0.20263805724875913
TBLMTN10,GT_MW_11,0.18454460225295116
TBLMTN10,LB_MW_13,0.26152582183228124
TBLMTN10,OL_MX_11,0.17386706026059007
TBLMTN10,MN_RM_12,0.2150738653538664
TBLMTN10,LB_GT_11,0.2026540145533684
TBLMTN10,MX_TR_11,0.16712272194665145
TBLMTN10,TABLE MTN5M,0.30392657715224536
TBLMTN10,LB_MW_11,0.20968389332583037
TBLMTN10,RM_TM_12,0.23388805724875913
TBLMTN10,VD_TS_11,0.1583876389395265
TBLMTN10,TESLA,0.17578617646092265
TBLMTN10,DALLASES,0.1761633792143568
TBLMTN10,L.BANS M,0.12396166952725617
TBLMTN10,OL_MX_12,0.17988474979951724
TBLMTN10,OLINDA,0.1715437346269021
TBLMTN10,RM_TM_11,0.23114102466290123
TBLMTN10,TM_VD_11,0.26720846959844335
TBLMTN10,RM_TM_21,0.23171245323432982
TBLMTN10,RD MT 1M,0.2580931101752964
GATES  9,CJ_OL_13,0.08954760560278746
GATES  9,ROUND MT,0.22776874556173865
GATES  9,MN_RM_22,0.1834872537833135
GATES  9,TRACY,0.2064900461856076
GATES  9,MAXWELL,0.16466358758910069
GATES  9,MOSSLAND,0.19895071629045555
GATES  9,MN_RM_11,0.23593986916122076
GATES  9,TM_TS_12,0.24492138128342616
GATES  9,TABLE MTN,0.24930965036119598
GATES  9,TM_VD_12,0.20201111723588966
GATES  9,MN_RM_21,0.1888617582401511
GATES  9,METCALF,0.2745239883232777
GATES  9,LB_MW_12,0.2904518828171124
GATES  9,TCY MP2,0.28222644177780676
GATES  9,TM_TS_11,0.27239256107181437
GATES  9,LOSBANOS,0.15755912274059206
GATES  9,TCY MP1,0.28222644177780676
GATES  9,VACA-DIX,0.1802768429610965
GATES  9,MN_RM_23,0.16928927459007512
GATES  9,GATES,0.31343318271841414
GATES  9,MIDWAY,0.23230398960045898
GATES  9,DIABLOCNYNSS,0.2563230140420195
GATES  9,RM_TM_22,0.2019165376983997
GATES  9,GT_MW_11,0.27081110928011476
GATES  9,LB_MW_13,0.28913163087802696
GATES  9,OL_MX_11,0.10082806550472034
GATES  9,MN_RM_12,0.21328048921080744
GATES  9,LB_GT_11,0.20981461939261664
GATES  9,MX_TR_11,0.22061770109300127
GATES  9,TABLE MTN5M,0.18700627450167562
GATES  9,LB_MW_11,0.24611059245072686
GATES  9,RM_TM_12,0.23084471951658153
GATES  9,VD_TS_11,0.2361256222498682
GATES  9,TESLA,0.2623000843807865
GATES  9,DALLASES,0.21613567235356573
GATES  9,L.BANS M,0.23030738295712222
GATES  9,OL_MX_12,0.13236246186217804
GATES  9,OLINDA,0.09158349970934763
GATES  9,RM_TM_11,0.20072085805651685
GATES  9,TM_VD_11,0.20055400404813595
GATES  9,RM_TM_21,0.20072085805651685
GATES  9,RD MT 1M,0.17314803171120347
DIABLO 4,CJ_OL_13,0.2373331071050575
DIABLO 4,ROUND MT,0.31477301740739194
DIABLO 4,MN_RM_22,0.27766293155270505
DIABLO 4,TRACY,0.4249595835506861
DIABLO 4,MAXWELL,0.3019601110960077
DIABLO 4,MOSSLAND,0.41194613065858027
DIABLO 4,MN_RM_11,0.31135288416661955
DIABLO 4,TM_TS_12,0.4220709326613202
DIABLO 4,TABLE MTN,0.4015175019349259
DIABLO 4,TM_VD_12,0.2967703993048724
DIABLO 4,MN_RM_21,0.2829366870670932
DIABLO 4,METCALF,0.3634741092716633
DIABLO 4,LB_MW_12,0.38823853707905465
DIABLO 4,TCY MP2,0.22697468998248058
DIABLO 4,TM_TS_11,0.3489303019688239
DIABLO 4,LOSBANOS,0.4682666288411466
DIABLO 4,TCY MP1,0.22697468998248058
DIABLO 4,VACA-DIX,0.28266982043222366
DIABLO 4,MN_RM_23,0.26629715737534737
DIABLO 4,GATES,0.46913116350926276
DIABLO 4,MIDWAY,0.4212109074946174
DIABLO 4,DIABLOCNYNSS,0.7309506459584679
DIABLO 4,RM_TM_22,0.3407854491433676
DIABLO 4,GT_MW_11,0.4398076156554377
DIABLO 4,LB_MW_13,0.373273406669636
DIABLO 4,OL_MX_11,0.21428707794282686
DIABLO 4,MN_RM_12,0.29866684389483666
DIABLO 4,LB_GT_11,0.42492370762153586
DIABLO 4,MX_TR_11,0.37714662627183754
DIABLO 4,TABLE MTN5M,0.3394408864903936
DIABLO 4,LB_MW_11,0.42493672119909914
DIABLO 4,RM_TM_12,0.34048241884033736
DIABLO 4,VD_TS_11,0.35189692527965205
DIABLO 4,TESLA,0.41682559562273924
DIABLO 4,DALLASES,0.23560159112276738
DIABLO 4,L.BANS M,0.41509279732524695
DIABLO 4,OL_MX_12,0.21657633589976585
DIABLO 4,OLINDA,0.23556375736437402
DIABLO 4,RM_TM_11,0.3406206988941866
DIABLO 4,TM_VD_11,0.3135714115599957
DIABLO 4,RM_TM_21,0.34092615343964117
DIABLO 4,RD MT 1M,0.2732908877120093
MIDWAY10,CJ_OL_13,0.2840332010421934
MIDWAY10,ROUND MT,0.31334135266702634
MIDWAY10,MN_RM_22,0.3538217876637234
MIDWAY10,TRACY,0.4151252345611869
MIDWAY10,MAXWELL,0.3275629529159952
MIDWAY10,MOSSLAND,0.40589812805461367
MIDWAY10,MN_RM_11,0.42083664993751413
MIDWAY10,TM_TS_12,0.39659233842646935
MIDWAY10,TABLE MTN,0.31532715915179976
MIDWAY10,TM_VD_12,0.2770892247834912
MIDWAY10,MN_RM_21,0.35891622284262115
MIDWAY10,METCALF,0.41571964741693396
MIDWAY10,LB_MW_12,0.41301257793673163
MIDWAY10,TCY MP2,0.2730168833205536
MIDWAY10,TM_TS_11,0.3287997628436039
MIDWAY10,LOSBANOS,0.44867104940285435
MIDWAY10,TCY MP1,0.24826688332055358
MIDWAY10,VACA-DIX,0.33384757819378663
MIDWAY10,MN_RM_23,0.34214272204159896
MIDWAY10,GATES,0.3984570109108878
MIDWAY10,MIDWAY,0.7872111043747183
MIDWAY10,DIABLOCNYNSS,0.4427678404951262
MIDWAY10,RM_TM_22,0.2941468477447011
MIDWAY10,GT_MW_11,0.4109814768587626
MIDWAY10,LB_MW_13,0.4148091863030658
MIDWAY10,OL_MX_11,0.2902885930943421
MIDWAY10,MN_RM_12,0.407127126363347
MIDWAY10,LB_GT_11,0.43715077982738954
MIDWAY10,MX_TR_11,0.38279488510443727
MIDWAY10,TABLE MTN5M,0.32822299194976023
MIDWAY10,LB_MW_11,0.4425031980998762
MIDWAY10,RM_TM_12,0.3250938174416709
MIDWAY10,VD_TS_11,0.4167077381727693
MIDWAY10,TESLA,0.46754350483276597
MIDWAY10,DALLASES,0.23991318735186914
MIDWAY10,L.BANS M,0.43071843108491675
MIDWAY10,OL_MX_12,0.29311392487817317
MIDWAY10,OLINDA,0.322665366453025
MIDWAY10,RM_TM_11,0.32353987187343825
MIDWAY10,TM_VD_11,0.29771567690038653
MIDWAY10,RM_TM_21,0.32420653854010495
MIDWAY10,RD MT 1M,0.3590624660507383
MOSSLD13,CJ_OL_13,0.3104059131846312
MOSSLD13,ROUND MT,0.4192227953040213
MOSSLD13,MN_RM_22,0.37158533057778304
MOSSLD13,TRACY,0.43372992260584414
MOSSLD13,MAXWELL,0.37724768985780055
MOSSLD13,MOSSLAND,0.753516219793863
MOSSLD13,MN_RM_11,0.4010155755578267
MOSSLD13,TM_TS_12,0.4725437999502066
MOSSLD13,TABLE MTN,0.3898180747380726
MOSSLD13,TM_VD_12,0.34263111259731316
MOSSLD13,MN_RM_21,0.34125955159688326
MOSSLD13,METCALF,0.49015270719556264
MOSSLD13,LB_MW_12,0.3963190131072854
MOSSLD13,TCY MP2,0.2642082073476192
MOSSLD13,TM_TS_11,0.4462852745400556
MOSSLD13,LOSBANOS,0.41733429303409253
MOSSLD13,TCY MP1,0.29485469857568936
MOSSLD13,VACA-DIX,0.34089018269849697
MOSSLD13,MN_RM_23,0.34991074847226267
MOSSLD13,GATES,0.4116449912660599
MOSSLD13,MIDWAY,0.4380821527470067
MOSSLD13,DIABLOCNYNSS,0.41327642374239115
MOSSLD13,RM_TM_22,0.3563297501069652
MOSSLD13,GT_MW_11,0.44585182056778805
MOSSLD13,LB_MW_13,0.4075313166377277
MOSSLD13,OL_MX_11,0.2542075585302469
MOSSLD13,MN_RM_12,0.38196759257475316
MOSSLD13,LB_GT_11,0.39280075940617654
MOSSLD13,MX_TR_11,0.4773594816403296
MOSSLD13,TABLE MTN5M,0.2885678581829698
MOSSLD13,LB_MW_11,0.40237256184688497
MOSSLD13,RM_TM_12,0.3868087559549185
MOSSLD13,VD_TS_11,0.42393508473627584
MOSSLD13,TESLA,0.48568363337706383
MOSSLD13,DALLASES,0.20333484530554552
MOSSLD13,L.BANS M,0.419354219793863
MOSSLD13,OL_MX_12,0.2571934223108476
MOSSLD13,OLINDA,0.30880259246316943
MOSSLD13,RM_TM_11,0.3885327628014337
MOSSLD13,TM_VD_11,0.36223227337978325
MOSSLD13,RM_TM_21,0.3891924119242407
MOSSLD13,RD MT 1M,0.3791789390930097
TESLA 12,CJ_OL_13,0.1736956628813821
TESLA 12,ROUND MT,0.24944661579056426
TESLA 12,MN_RM_22,0.23431233813682428
TESLA 12,TRACY,0.21016937789398688
TESLA 12,MAXWELL,0.245035958029939
TESLA 12,MOSSLAND,0.2305418489886753
TESLA 12,MN_RM_11,0.17118377460399084
TESLA 12,TM_TS_12,0.2496161574171779
TESLA 12,TABLE MTN,0.3020835608636064
TESLA 12,TM_VD_12,0.3409276693225428
TESLA 12,MN_RM_21,0.16683378646822403
TESLA 12,METCALF,0.20462259091774457
TESLA 12,LB_MW_12,0.22006659753357707
TESLA 12,TCY MP2,0.23085180623147952
TESLA 12,TM_TS_11,0.28924654081980194
TESLA 12,LOSBANOS,0.16095373751556818
TESLA 12,TCY MP1,0.23085180623147952
TESLA 12,VACA-DIX,0.25678368571432747
TESLA 12,MN_RM_23,0.20891711077297673
TESLA 12,GATES,0.16587608442590485
TESLA 12,MIDWAY,0.19268353235408153
TESLA 12,DIABLOCNYNSS,0.14137663896033975
TESLA 12,RM_TM_22,0.230101054645781
TESLA 12,GT_MW_11,0.18094727388097465
TESLA 12,LB_MW_13,0.1909029289438577
TESLA 12,OL_MX_11,0.18174545678672624
TESLA 12,MN_RM_12,0.21904007978144913
TESLA 12,LB_GT_11,0.14755308461591732
TESLA 12,MX_TR_11,0.2131716626551689
TESLA 12,TABLE MTN5M,0.3164467601218212
TESLA 12,LB_MW_11,0.15246595809380203
TESLA 12,RM_TM_12,0.2604062927410191
TESLA 12,VD_TS_11,0.17375531744591485
TESLA 12,TESLA,0.26459701096619986
TESLA 12,DALLASES,0.29431424732947387
TESLA 12,L.BANS M,0.1686018489886753
TESLA 12,OL_MX_12,0.2139572873635537
TESLA 12,OLINDA,0.17682213128838262
TESLA 12,RM_TM_11,0.2298612255458668
TESLA 12,TM_VD_11,0.30599884755598056
TESLA 12,RM_TM_21,0.1992855112601525
TESLA 12,RD MT 1M,0.34482603691362934
RNDMTN10,CJ_OL_13,0.18742774053671268
RNDMTN10,ROUND MT,0.20662536468187734
RNDMTN10,MN_RM_22,0.1822217904863726
RNDMTN10,TRACY,0.07654525596990766
RNDMTN10,MAXWELL,0.1695605838017705
RNDMTN10,MOSSLAND,0.09155694468032372
RNDMTN10,MN_RM_11,0.17573664507958853
RNDMTN10,TM_TS_12,0.11551570558313903
RNDMTN10,TABLE MTN,0.1658724566000939
RNDMTN10,TM_VD_12,0.22750831640022393
RNDMTN10,MN_RM_21,0.19378477055805984
RNDMTN10,METCALF,0.09491973460052028
RNDMTN10,LB_MW_12,0.2067284964236984
RNDMTN10,TCY MP2,0.11028031792093938
RNDMTN10,TM_TS_11,0.18527281131324375
RNDMTN10,LOSBANOS,0.09940976901853209
RNDMTN10,TCY MP1,0.1409436512542727
RNDMTN10,VACA-DIX,0.1830450690377442
RNDMTN10,MN_RM_23,0.20390542674528156
RNDMTN10,GATES,0.09985640243432463
RNDMTN10,MIDWAY,0.12595818287237076
RNDMTN10,DIABLOCNYNSS,0.10880336658176669
RNDMTN10,RM_TM_22,0.1612416927547411
RNDMTN10,GT_MW_11,0.15047003324843333
RNDMTN10,LB_MW_13,0.18272073049100374
RNDMTN10,OL_MX_11,0.2239950548404479
RNDMTN10,MN_RM_12,0.21959008983270084
RNDMTN10,LB_GT_11,0.1421147345046293
RNDMTN10,MX_TR_11,0.13189236919381248
RNDMTN10,TABLE MTN5M,0.24641415489230226
RNDMTN10,LB_MW_11,0.14615062561365305
RNDMTN10,RM_TM_12,0.1924916927547411
RNDMTN10,VD_TS_11,0.15615556578787165
RNDMTN10,TESLA,0.07354462084375986
RNDMTN10,DALLASES,0.14865120052481248
RNDMTN10,L.BANS M,0.09125027801365704
RNDMTN10,OL_MX_12,0.2306307349904358
RNDMTN10,OLINDA,0.18629138160101882
RNDMTN10,RM_TM_11,0.19551656989409702
RNDMTN10,TM_VD_11,0.1892362911410636
RNDMTN10,RM_TM_21,0.224968950846478
RNDMTN10,RD MT 1M,0.3208260563450651
