South_Node,Connected_Node,Correlation,Rank
CCEC_GT1,WHITE_PT_UN1,0.9799770621992827,1.0
CCEC_GT1,INGLCO_PUN3,0.9797632318690492,2.0
CCEC_GT1,INGLCO_PUN2,0.979762034081119,3.0
CCEC_GT1,INGLCO_PUN1,0.97976188325408,4.0
CCEC_GT1,LGE_PUN2,0.979746805917618,5.0
CCEC_GT1,PAP1_PAP1,0.9753820204178664,6.0
CCEC_GT1,COTTON_PAP2,0.9753820204178664,7.0
CCEC_GT1,LGE_PUN1,0.9740027480949067,8.0
CCEC_GT1,LGE_LGE_STG,0.9740027480949067,9.0
CCEC_GT1,LGE_LGE_GT2,0.9740027480949067,10.0
CCEC_GT1,LGE_LGE_GT1,0.9740027480949067,11.0
CCEC_GT1,SHAFFER_ALL,0.9728095227122275,12.0
CCEC_GT1,OXY_OXY_CCG1,0.9720440723437614,13.0
CCEC_GT1,OXY_PUN1,0.9720439721849308,14.0
CCEC_GT1,OXY_PUN2,0.9720437365658716,15.0
CCEC_GT1,FOXTROT_ALL,0.9701424545257455,16.0
CCEC_GT1,SPARTA_ALL,0.9701424545257455,17.0
CCEC_GT1,LARDVFTN_G4,0.9691034093709568,18.0
CCEC_GT1,LARDVFTN_G5,0.9691034093709568,19.0
CCEC_GT1,DC_L,0.9690951626563736,20.0
CCEC_GT1,KARAKAW2_1,0.9690698329472378,21.0
CCEC_GT1,KARAKAW1_1,0.9690698329472378,22.0
CCEC_GT1,WFTANK_ESS1,0.9687457906483412,23.0
CCEC_GT1,GARC_BESS_RN,0.9685572973451211,24.0
CCEC_GT1,MIRASOLE_GEN,0.9685401629962764,25.0
CCEC_GT1,ALGOD_ALL_RN,0.9685256829626456,26.0
CCEC_GT1,LV4_UNIT_1,0.9684902942256024,27.0
CCEC_GT1,LV3_UNIT1,0.9684902942256024,28.0
CCEC_GT1,CABEZON_ALL,0.9684902942256024,29.0
CCEC_GT1,MESTENO_RN,0.9684902942256024,30.0
CCEC_GT1,FAL_FALCONG2,0.9684823767742011,31.0
CCEC_GT1,FAL_FALCONG3,0.9684823767742011,32.0
CCEC_GT1,FAL_FALCONG1,0.9684823767742011,33.0
CCEC_GT1,RN_SR_WIND1,0.9684210363775669,34.0
CCEC_GT1,BRP_LOP1_RN,0.9684171611401416,35.0
CCEC_GT1,VENADO_ALL,0.9684100664666992,36.0
CCEC_GT1,SIL_SILAS_10,0.9684059319005326,37.0
CCEC_GT1,SIL_SILAS_9,0.9684019553297687,38.0
CCEC_GT1,SIL_SILAS_6,0.9684019553297687,39.0
CCEC_GT1,REDGATE_ALL,0.968386177387291,40.0
CCEC_GT1,REDGATE_RN,0.968386177387291,41.0
CCEC_GT1,DUKE_GT2_CCU,0.9683654154105543,42.0
CCEC_GT1,DUKE_GST1CCU,0.9683654154105543,43.0
CCEC_GT1,NED_NEDIN_G1,0.9683573663812512,44.0
CCEC_GT1,NED_NEDIN_G3,0.9682980001479143,45.0
CCEC_GT1,FRONT_EC_RN1,0.9682957942298074,46.0
CCEC_GT1,FRONT_EC_RN2,0.9682957942298074,47.0
CCEC_GT1,FRONT_EC_RN3,0.9682957942298074,48.0
CCEC_GT1,RELOJ_ALL,0.9682932244021784,49.0
CCEC_GT1,BORDAS_345,0.9682932244021784,50.0
CCEC_GT2,WHITE_PT_UN1,0.9799770621992827,1.0
CCEC_GT2,INGLCO_PUN3,0.9797632318690492,2.0
CCEC_GT2,INGLCO_PUN2,0.979762034081119,3.0
CCEC_GT2,INGLCO_PUN1,0.97976188325408,4.0
CCEC_GT2,LGE_PUN2,0.979746805917618,5.0
CCEC_GT2,PAP1_PAP1,0.9753820204178664,6.0
CCEC_GT2,COTTON_PAP2,0.9753820204178664,7.0
CCEC_GT2,LGE_PUN1,0.9740027480949067,8.0
CCEC_GT2,LGE_LGE_STG,0.9740027480949067,9.0
CCEC_GT2,LGE_LGE_GT2,0.9740027480949067,10.0
CCEC_GT2,LGE_LGE_GT1,0.9740027480949067,11.0
CCEC_GT2,SHAFFER_ALL,0.9728095227122275,12.0
CCEC_GT2,OXY_OXY_CCG1,0.9720440723437614,13.0
CCEC_GT2,OXY_PUN1,0.9720439721849308,14.0
CCEC_GT2,OXY_PUN2,0.9720437365658716,15.0
CCEC_GT2,FOXTROT_ALL,0.9701424545257455,16.0
CCEC_GT2,SPARTA_ALL,0.9701424545257455,17.0
CCEC_GT2,LARDVFTN_G4,0.9691034093709568,18.0
CCEC_GT2,LARDVFTN_G5,0.9691034093709568,19.0
CCEC_GT2,DC_L,0.9690951626563736,20.0
CCEC_GT2,KARAKAW2_1,0.9690698329472378,21.0
CCEC_GT2,KARAKAW1_1,0.9690698329472378,22.0
CCEC_GT2,WFTANK_ESS1,0.9687457906483412,23.0
CCEC_GT2,GARC_BESS_RN,0.9685572973451211,24.0
CCEC_GT2,MIRASOLE_GEN,0.9685401629962764,25.0
CCEC_GT2,ALGOD_ALL_RN,0.9685256829626456,26.0
CCEC_GT2,LV4_UNIT_1,0.9684902942256024,27.0
CCEC_GT2,LV3_UNIT1,0.9684902942256024,28.0
CCEC_GT2,CABEZON_ALL,0.9684902942256024,29.0
CCEC_GT2,MESTENO_RN,0.9684902942256024,30.0
CCEC_GT2,FAL_FALCONG2,0.9684823767742011,31.0
CCEC_GT2,FAL_FALCONG3,0.9684823767742011,32.0
CCEC_GT2,FAL_FALCONG1,0.9684823767742011,33.0
CCEC_GT2,RN_SR_WIND1,0.9684210363775669,34.0
CCEC_GT2,BRP_LOP1_RN,0.9684171611401416,35.0
CCEC_GT2,VENADO_ALL,0.9684100664666992,36.0
CCEC_GT2,SIL_SILAS_10,0.9684059319005326,37.0
CCEC_GT2,SIL_SILAS_9,0.9684019553297687,38.0
CCEC_GT2,SIL_SILAS_6,0.9684019553297687,39.0
CCEC_GT2,REDGATE_ALL,0.968386177387291,40.0
CCEC_GT2,REDGATE_RN,0.968386177387291,41.0
CCEC_GT2,DUKE_GT2_CCU,0.9683654154105543,42.0
CCEC_GT2,DUKE_GST1CCU,0.9683654154105543,43.0
CCEC_GT2,NED_NEDIN_G1,0.9683573663812512,44.0
CCEC_GT2,NED_NEDIN_G3,0.9682980001479143,45.0
CCEC_GT2,FRONT_EC_RN1,0.9682957942298074,46.0
CCEC_GT2,FRONT_EC_RN2,0.9682957942298074,47.0
CCEC_GT2,FRONT_EC_RN3,0.9682957942298074,48.0
CCEC_GT2,RELOJ_ALL,0.9682932244021784,49.0
CCEC_GT2,BORDAS_345,0.9682932244021784,50.0
CCEC_ST1,WHITE_PT_UN1,0.9799770621992827,1.0
CCEC_ST1,INGLCO_PUN3,0.9797632318690492,2.0
CCEC_ST1,INGLCO_PUN2,0.979762034081119,3.0
CCEC_ST1,INGLCO_PUN1,0.97976188325408,4.0
CCEC_ST1,LGE_PUN2,0.979746805917618,5.0
CCEC_ST1,PAP1_PAP1,0.9753820204178664,6.0
CCEC_ST1,COTTON_PAP2,0.9753820204178664,7.0
CCEC_ST1,LGE_PUN1,0.9740027480949067,8.0
CCEC_ST1,LGE_LGE_STG,0.9740027480949067,9.0
CCEC_ST1,LGE_LGE_GT2,0.9740027480949067,10.0
CCEC_ST1,LGE_LGE_GT1,0.9740027480949067,11.0
CCEC_ST1,SHAFFER_ALL,0.9728095227122275,12.0
CCEC_ST1,OXY_OXY_CCG1,0.9720440723437614,13.0
CCEC_ST1,OXY_PUN1,0.9720439721849308,14.0
CCEC_ST1,OXY_PUN2,0.9720437365658716,15.0
CCEC_ST1,FOXTROT_ALL,0.9701424545257455,16.0
CCEC_ST1,SPARTA_ALL,0.9701424545257455,17.0
CCEC_ST1,LARDVFTN_G4,0.9691034093709568,18.0
CCEC_ST1,LARDVFTN_G5,0.9691034093709568,19.0
CCEC_ST1,DC_L,0.9690951626563736,20.0
CCEC_ST1,KARAKAW2_1,0.9690698329472378,21.0
CCEC_ST1,KARAKAW1_1,0.9690698329472378,22.0
CCEC_ST1,WFTANK_ESS1,0.9687457906483412,23.0
CCEC_ST1,GARC_BESS_RN,0.9685572973451211,24.0
CCEC_ST1,MIRASOLE_GEN,0.9685401629962764,25.0
CCEC_ST1,ALGOD_ALL_RN,0.9685256829626456,26.0
CCEC_ST1,LV4_UNIT_1,0.9684902942256024,27.0
CCEC_ST1,LV3_UNIT1,0.9684902942256024,28.0
CCEC_ST1,CABEZON_ALL,0.9684902942256024,29.0
CCEC_ST1,MESTENO_RN,0.9684902942256024,30.0
CCEC_ST1,FAL_FALCONG2,0.9684823767742011,31.0
CCEC_ST1,FAL_FALCONG3,0.9684823767742011,32.0
CCEC_ST1,FAL_FALCONG1,0.9684823767742011,33.0
CCEC_ST1,RN_SR_WIND1,0.9684210363775669,34.0
CCEC_ST1,BRP_LOP1_RN,0.9684171611401416,35.0
CCEC_ST1,VENADO_ALL,0.9684100664666992,36.0
CCEC_ST1,SIL_SILAS_10,0.9684059319005326,37.0
CCEC_ST1,SIL_SILAS_9,0.9684019553297687,38.0
CCEC_ST1,SIL_SILAS_6,0.9684019553297687,39.0
CCEC_ST1,REDGATE_ALL,0.968386177387291,40.0
CCEC_ST1,REDGATE_RN,0.968386177387291,41.0
CCEC_ST1,DUKE_GT2_CCU,0.9683654154105543,42.0
CCEC_ST1,DUKE_GST1CCU,0.9683654154105543,43.0
CCEC_ST1,NED_NEDIN_G1,0.9683573663812512,44.0
CCEC_ST1,NED_NEDIN_G3,0.9682980001479143,45.0
CCEC_ST1,FRONT_EC_RN1,0.9682957942298074,46.0
CCEC_ST1,FRONT_EC_RN2,0.9682957942298074,47.0
CCEC_ST1,FRONT_EC_RN3,0.9682957942298074,48.0
CCEC_ST1,RELOJ_ALL,0.9682932244021784,49.0
CCEC_ST1,BORDAS_345,0.9682932244021784,50.0
DUKE_GST1CCU,WL_RANCH_RN,0.9799892128958924,1.0
DUKE_GST1CCU,HAYSEN1_2,0.9799406637190704,2.0
DUKE_GST1CCU,GUADG_CCU1,0.9797743796242709,3.0
DUKE_GST1CCU,GUADG_CCU2,0.9797743796242709,4.0
DUKE_GST1CCU,HHGT_KENDAL,0.9788316552600768,5.0
DUKE_GST1CCU,RHESS2_ESS1,0.978803551803524,6.0
DUKE_GST1CCU,WNDTS2_UNIT1,0.978729830575349,7.0
DUKE_GST1CCU,BRAUNIG_VHB2,0.9782511859807587,8.0
DUKE_GST1CCU,BRAUNIG_VHB1,0.9782511859807587,9.0
DUKE_GST1CCU,BR_VHB6CT5_6,0.9782511859807587,10.0
DUKE_GST1CCU,BR_VHB6CT7_8,0.9782511859807587,11.0
DUKE_GST1CCU,CALAVER_OWS1,0.9781217514219359,12.0
DUKE_GST1CCU,CALAVER_OWS2,0.9781217514219359,13.0
DUKE_GST1CCU,LEONLCPCT3_4,0.978076116646595,14.0
DUKE_GST1CCU,LEONLCPCT1_2,0.978076116646595,15.0
DUKE_GST1CCU,RN_OCI_ALAMO,0.9779796074780489,16.0
DUKE_GST1CCU,BRAUNIG_VHB3,0.9778616629102203,17.0
DUKE_GST1CCU,CALAVER_JTD2,0.9778289156387798,18.0
DUKE_GST1CCU,CALAVER_JTD1,0.9778289156387798,19.0
DUKE_GST1CCU,LZ_CPS,0.977517800306516,20.0
DUKE_GST1CCU,BRA_AVR1_CT2,0.977490345899466,21.0
DUKE_GST1CCU,BRA_AVR_CST1,0.977490345899466,22.0
DUKE_GST1CCU,CALAVER_JKS1,0.9769209874949458,23.0
DUKE_GST1CCU,CALAVER_JKS2,0.9769209874949458,24.0
DUKE_GST1CCU,X443ESRN,0.976473976637993,25.0
DUKE_GST1CCU,NUE_NUECESG9,0.9761217403090625,26.0
DUKE_GST1CCU,NUE_NUECESG8,0.9761217403090625,27.0
DUKE_GST1CCU,BRP_RN_UNIT1,0.9748454644523453,28.0
DUKE_GST1CCU,ROSELAND_ALL,0.9715086012924652,29.0
DUKE_GST1CCU,SCES_UNIT1,0.9712821309340853,30.0
DUKE_GST1CCU,OLNEYTN_RN,0.9696338433562532,31.0
DUKE_GST1CCU,NUE_NUECESG7,0.9690329418398639,32.0
DUKE_GST1CCU,CCEC_ST1,0.9683654154105542,33.0
DUKE_GST1CCU,CCEC_PUN2,0.9683654154105542,34.0
DUKE_GST1CCU,CCEC_PUN1,0.9683654154105542,35.0
DUKE_GST1CCU,CCEC_GT2,0.9683654154105542,36.0
DUKE_GST1CCU,CCEC_GT1,0.9683654154105542,37.0
DUKE_GST1CCU,BRANDON_RN,0.9638229144835644,38.0
DUKE_GST1CCU,BRP_PBL2_RN,0.8105385598098933,39.0
DUKE_GST1CCU,BRP_PBL1_RN,0.8105371179096538,40.0
DUKE_GT2_CCU,WL_RANCH_RN,0.9799892128958924,1.0
DUKE_GT2_CCU,HAYSEN1_2,0.9799406637190704,2.0
DUKE_GT2_CCU,GUADG_CCU1,0.9797743796242709,3.0
DUKE_GT2_CCU,GUADG_CCU2,0.9797743796242709,4.0
DUKE_GT2_CCU,HHGT_KENDAL,0.9788316552600768,5.0
DUKE_GT2_CCU,RHESS2_ESS1,0.978803551803524,6.0
DUKE_GT2_CCU,WNDTS2_UNIT1,0.978729830575349,7.0
DUKE_GT2_CCU,BRAUNIG_VHB2,0.9782511859807587,8.0
DUKE_GT2_CCU,BRAUNIG_VHB1,0.9782511859807587,9.0
DUKE_GT2_CCU,BR_VHB6CT5_6,0.9782511859807587,10.0
DUKE_GT2_CCU,BR_VHB6CT7_8,0.9782511859807587,11.0
DUKE_GT2_CCU,CALAVER_OWS1,0.9781217514219359,12.0
DUKE_GT2_CCU,CALAVER_OWS2,0.9781217514219359,13.0
DUKE_GT2_CCU,LEONLCPCT3_4,0.978076116646595,14.0
DUKE_GT2_CCU,LEONLCPCT1_2,0.978076116646595,15.0
DUKE_GT2_CCU,RN_OCI_ALAMO,0.9779796074780489,16.0
DUKE_GT2_CCU,BRAUNIG_VHB3,0.9778616629102203,17.0
DUKE_GT2_CCU,CALAVER_JTD2,0.9778289156387798,18.0
DUKE_GT2_CCU,CALAVER_JTD1,0.9778289156387798,19.0
DUKE_GT2_CCU,LZ_CPS,0.977517800306516,20.0
DUKE_GT2_CCU,BRA_AVR1_CT2,0.977490345899466,21.0
DUKE_GT2_CCU,BRA_AVR_CST1,0.977490345899466,22.0
DUKE_GT2_CCU,CALAVER_JKS1,0.9769209874949458,23.0
DUKE_GT2_CCU,CALAVER_JKS2,0.9769209874949458,24.0
DUKE_GT2_CCU,X443ESRN,0.976473976637993,25.0
DUKE_GT2_CCU,NUE_NUECESG9,0.9761217403090625,26.0
DUKE_GT2_CCU,NUE_NUECESG8,0.9761217403090625,27.0
DUKE_GT2_CCU,BRP_RN_UNIT1,0.9748454644523453,28.0
DUKE_GT2_CCU,ROSELAND_ALL,0.9715086012924652,29.0
DUKE_GT2_CCU,SCES_UNIT1,0.9712821309340853,30.0
DUKE_GT2_CCU,OLNEYTN_RN,0.9696338433562532,31.0
DUKE_GT2_CCU,NUE_NUECESG7,0.9690329418398639,32.0
DUKE_GT2_CCU,CCEC_ST1,0.9683654154105542,33.0
DUKE_GT2_CCU,CCEC_PUN2,0.9683654154105542,34.0
DUKE_GT2_CCU,CCEC_PUN1,0.9683654154105542,35.0
DUKE_GT2_CCU,CCEC_GT2,0.9683654154105542,36.0
DUKE_GT2_CCU,CCEC_GT1,0.9683654154105542,37.0
DUKE_GT2_CCU,BRANDON_RN,0.9638229144835644,38.0
DUKE_GT2_CCU,BRP_PBL2_RN,0.8105385598098933,39.0
DUKE_GT2_CCU,BRP_PBL1_RN,0.8105371179096538,40.0
GUADG_CCU1,BRP_LOP1_RN,0.9799093063157001,1.0
GUADG_CCU1,VENADO_ALL,0.9798625625007497,2.0
GUADG_CCU1,DUKE_GT2_CCU,0.9797743796242709,3.0
GUADG_CCU1,DUKE_GST1CCU,0.9797743796242709,4.0
GUADG_CCU1,REDGATE_ALL,0.979719422629055,5.0
GUADG_CCU1,REDGATE_RN,0.979719422629055,6.0
GUADG_CCU1,NED_NEDIN_G2,0.9797067647616208,7.0
GUADG_CCU1,NED_NEDIN_G1,0.9796143843780452,8.0
GUADG_CCU1,CRANELL_ALL,0.9796086482166224,9.0
GUADG_CCU1,BLACKJAK_RN,0.9796086482166224,10.0
GUADG_CCU1,FAL_FALCONG2,0.9795845156400028,11.0
GUADG_CCU1,FAL_FALCONG3,0.9795845156400028,12.0
GUADG_CCU1,FAL_FALCONG1,0.9795845156400028,13.0
GUADG_CCU1,LGE_LGE_GT1,0.9794563547798754,14.0
GUADG_CCU1,LGE_LGE_STG,0.9794563547798754,15.0
GUADG_CCU1,LGE_PUN1,0.9794563547798754,16.0
GUADG_CCU1,LGE_LGE_GT2,0.9794563547798754,17.0
GUADG_CCU1,LV5_UNIT1,0.9793624780651321,18.0
GUADG_CCU1,OXY_PUN2,0.9792192371588722,19.0
GUADG_CCU1,OXY_PUN1,0.9792187120748345,20.0
GUADG_CCU1,OXY_OXY_CCG1,0.9792184318624431,21.0
GUADG_CCU1,PAP1_PAP1,0.9791953259406063,22.0
GUADG_CCU1,COTTON_PAP2,0.9791953259406063,23.0
GUADG_CCU1,GARC_BESS_RN,0.9791828913611252,24.0
GUADG_CCU1,FRONT_EC_RN3,0.9791073052495444,25.0
GUADG_CCU1,FRONT_EC_RN2,0.9791073052495444,26.0
GUADG_CCU1,FRONT_EC_RN1,0.9791073052495444,27.0
GUADG_CCU1,MADERO_RN,0.9789250516279588,28.0
GUADG_CCU1,DC_R,0.9789248248026107,29.0
GUADG_CCU1,NED_NEDIN_G3,0.9787805065866894,30.0
GUADG_CCU1,N_AL_BESS_RN,0.977838801975326,31.0
GUADG_CCU1,NEBULA_RN,0.9778050643105798,32.0
GUADG_CCU1,VANCOURT_RN,0.9778050643105798,33.0
GUADG_CCU1,LGE_PUN2,0.9777839737734804,34.0
GUADG_CCU1,INGLCO_PUN1,0.9777676778660236,35.0
GUADG_CCU1,INGLCO_PUN2,0.9777657697259939,36.0
GUADG_CCU1,INGLCO_PUN3,0.9777631310385849,37.0
GUADG_CCU1,MIRASOLE_GEN,0.9776208281813126,38.0
GUADG_CCU1,RN_SR_WIND1,0.9773401456709676,39.0
GUADG_CCU1,WHITE_PT_UN1,0.9773303944623295,40.0
GUADG_CCU1,MV_VALV4_RN,0.9773077286623043,41.0
GUADG_CCU1,SIL_SILAS_6,0.9772919295852788,42.0
GUADG_CCU1,SIL_SILAS_9,0.9772919295852788,43.0
GUADG_CCU1,SIL_SILAS_10,0.977286419072717,44.0
GUADG_CCU1,REDFISH_ALL,0.9772457463158272,45.0
GUADG_CCU1,SHAFFER_ALL,0.9771773623548669,46.0
GUADG_CCU1,LV3_UNIT1,0.977137651821885,47.0
GUADG_CCU1,LV4_UNIT_1,0.977137651821885,48.0
GUADG_CCU1,MESTENO_RN,0.977137651821885,49.0
GUADG_CCU1,CABEZON_ALL,0.977137651821885,50.0
GUADG_CCU2,BRP_LOP1_RN,0.9799093063157001,1.0
GUADG_CCU2,VENADO_ALL,0.9798625625007497,2.0
GUADG_CCU2,DUKE_GT2_CCU,0.9797743796242709,3.0
GUADG_CCU2,DUKE_GST1CCU,0.9797743796242709,4.0
GUADG_CCU2,REDGATE_ALL,0.979719422629055,5.0
GUADG_CCU2,REDGATE_RN,0.979719422629055,6.0
GUADG_CCU2,NED_NEDIN_G2,0.9797067647616208,7.0
GUADG_CCU2,NED_NEDIN_G1,0.9796143843780452,8.0
GUADG_CCU2,CRANELL_ALL,0.9796086482166224,9.0
GUADG_CCU2,BLACKJAK_RN,0.9796086482166224,10.0
GUADG_CCU2,FAL_FALCONG2,0.9795845156400028,11.0
GUADG_CCU2,FAL_FALCONG3,0.9795845156400028,12.0
GUADG_CCU2,FAL_FALCONG1,0.9795845156400028,13.0
GUADG_CCU2,LGE_LGE_GT1,0.9794563547798754,14.0
GUADG_CCU2,LGE_LGE_STG,0.9794563547798754,15.0
GUADG_CCU2,LGE_PUN1,0.9794563547798754,16.0
GUADG_CCU2,LGE_LGE_GT2,0.9794563547798754,17.0
GUADG_CCU2,LV5_UNIT1,0.9793624780651321,18.0
GUADG_CCU2,OXY_PUN2,0.9792192371588722,19.0
GUADG_CCU2,OXY_PUN1,0.9792187120748345,20.0
GUADG_CCU2,OXY_OXY_CCG1,0.9792184318624431,21.0
GUADG_CCU2,PAP1_PAP1,0.9791953259406063,22.0
GUADG_CCU2,COTTON_PAP2,0.9791953259406063,23.0
GUADG_CCU2,GARC_BESS_RN,0.9791828913611252,24.0
GUADG_CCU2,FRONT_EC_RN3,0.9791073052495444,25.0
GUADG_CCU2,FRONT_EC_RN2,0.9791073052495444,26.0
GUADG_CCU2,FRONT_EC_RN1,0.9791073052495444,27.0
GUADG_CCU2,MADERO_RN,0.9789250516279588,28.0
GUADG_CCU2,DC_R,0.9789248248026107,29.0
GUADG_CCU2,NED_NEDIN_G3,0.9787805065866894,30.0
GUADG_CCU2,N_AL_BESS_RN,0.977838801975326,31.0
GUADG_CCU2,NEBULA_RN,0.9778050643105798,32.0
GUADG_CCU2,VANCOURT_RN,0.9778050643105798,33.0
GUADG_CCU2,LGE_PUN2,0.9777839737734804,34.0
GUADG_CCU2,INGLCO_PUN1,0.9777676778660236,35.0
GUADG_CCU2,INGLCO_PUN2,0.9777657697259939,36.0
GUADG_CCU2,INGLCO_PUN3,0.9777631310385849,37.0
GUADG_CCU2,MIRASOLE_GEN,0.9776208281813126,38.0
GUADG_CCU2,RN_SR_WIND1,0.9773401456709676,39.0
GUADG_CCU2,WHITE_PT_UN1,0.9773303944623295,40.0
GUADG_CCU2,MV_VALV4_RN,0.9773077286623043,41.0
GUADG_CCU2,SIL_SILAS_6,0.9772919295852788,42.0
GUADG_CCU2,SIL_SILAS_9,0.9772919295852788,43.0
GUADG_CCU2,SIL_SILAS_10,0.977286419072717,44.0
GUADG_CCU2,REDFISH_ALL,0.9772457463158272,45.0
GUADG_CCU2,SHAFFER_ALL,0.9771773623548669,46.0
GUADG_CCU2,LV3_UNIT1,0.977137651821885,47.0
GUADG_CCU2,LV4_UNIT_1,0.977137651821885,48.0
GUADG_CCU2,MESTENO_RN,0.977137651821885,49.0
GUADG_CCU2,CABEZON_ALL,0.977137651821885,50.0
HB_SOUTH,SPARTA_ALL,0.979274998653635,1.0
HB_SOUTH,FOXTROT_ALL,0.979274998653635,2.0
HB_SOUTH,BRANDON_RN,0.9730893004270061,3.0
HB_SOUTH,B_DAVIS_3,0.9610736887528604,4.0
HB_SOUTH,B_DAVIS_4,0.9610736887528604,5.0
HB_SOUTH,B_D_B_DAVIG1,0.9610736887528604,6.0
HB_SOUTH,B_D_B_DAVIG2,0.9610736887528604,7.0
HB_SOUTH,NUE_NUECESG8,0.9560374818631894,8.0
HB_SOUTH,NUE_NUECESG9,0.9560374818631894,9.0
HB_SOUTH,NUE_NUECESG7,0.947514466141607,10.0
HB_SOUTH,CCEC_PUN2,0.9467273002585787,11.0
HB_SOUTH,CCEC_PUN1,0.9467273002585787,12.0
HB_SOUTH,CCEC_GT2,0.9467273002585787,13.0
HB_SOUTH,CCEC_GT1,0.9467273002585787,14.0
HB_SOUTH,CCEC_ST1,0.9467273002585787,15.0
HB_SOUTH,BRP_PBL2_RN,0.8386789426817901,16.0
HB_SOUTH,BRP_PBL1_RN,0.8386775602355087,17.0
LZ_AEN,NED_NEDIN_G3,0.9799114477780668,1.0
LZ_AEN,LGE_PUN2,0.9794555142554578,2.0
LZ_AEN,INGLCO_PUN1,0.9794394983404092,3.0
LZ_AEN,INGLCO_PUN2,0.9794374275109264,4.0
LZ_AEN,INGLCO_PUN3,0.9794345070122776,5.0
LZ_AEN,MIRASOLE_GEN,0.9793593811615203,6.0
LZ_AEN,SIL_SILAS_9,0.9792257312102419,7.0
LZ_AEN,SIL_SILAS_6,0.9792257312102419,8.0
LZ_AEN,SIL_SILAS_10,0.9792206958656021,9.0
LZ_AEN,VANCOURT_RN,0.9791427038148882,10.0
LZ_AEN,NEBULA_RN,0.9791427038148882,11.0
LZ_AEN,WHITE_PT_UN1,0.9789254396006842,12.0
LZ_AEN,LV4_UNIT_1,0.9788934783953318,13.0
LZ_AEN,CABEZON_ALL,0.9788934783953318,14.0
LZ_AEN,MESTENO_RN,0.9788934783953318,15.0
LZ_AEN,LV3_UNIT1,0.9788934783953318,16.0
LZ_AEN,SHAFFER_ALL,0.9785675196613485,17.0
LZ_AEN,RN_SR_WIND1,0.9784563919372359,18.0
LZ_AEN,ALGOD_ALL_RN,0.9783898510306889,19.0
LZ_AEN,REDFISH_ALL,0.9782765563239761,20.0
LZ_AEN,CEDROHI_CHW1,0.9782452474596706,21.0
LZ_AEN,EXGNWTL_1,0.9782452474596706,22.0
LZ_AEN,CHALUP_ALL,0.9771839452799321,23.0
LZ_AEN,TRUENO_ALL,0.9771186168026469,24.0
LZ_AEN,EL_RAYO_ALL,0.9771186168026469,25.0
LZ_AEN,WFTANK_ESS1,0.9771028286933695,26.0
LZ_AEN,LMAJADAS_ALL,0.9770377900775185,27.0
LZ_AEN,RELOJ_ALL,0.9768566446191715,28.0
LZ_AEN,BORDAS_345,0.9768566446191715,29.0
LZ_AEN,TORR_ALL,0.9765204714553614,30.0
LZ_AEN,CORAZON_RN,0.9765201668154193,31.0
LZ_AEN,CAMWIND_RN,0.976410215418883,32.0
LZ_AEN,KARAKAW1_1,0.9763641029865979,33.0
LZ_AEN,KARAKAW2_1,0.9763641029865979,34.0
LZ_AEN,PALMWI_UNIT1,0.9759363427307189,35.0
LZ_AEN,LV1A_LV1B,0.9758311404770835,36.0
LZ_AEN,BRANDON_RN,0.9757209690940104,37.0
LZ_AEN,SANTACRU_ALL,0.9750294390848958,38.0
LZ_AEN,DC_L,0.9749609666369078,39.0
LZ_AEN,LARDVFTN_G5,0.9749590338643862,40.0
LZ_AEN,LARDVFTN_G4,0.9749590338643862,41.0
LZ_AEN,BAFFIN_ALL,0.9736951542563622,42.0
LZ_AEN,TGW_T1_T2,0.9736951542563622,43.0
LZ_AEN,STELLA_RN,0.9736951506552552,44.0
LZ_AEN,PENA_ALL,0.9736927682179222,45.0
LZ_AEN,BBREEZE_1_2,0.9721476770642121,46.0
LZ_AEN,ELSAUZ_ALL,0.9720896791365938,47.0
LZ_AEN,FOXTROT_ALL,0.9690652994792625,48.0
LZ_AEN,SPARTA_ALL,0.9690652994792625,49.0
LZ_AEN,B_D_B_DAVIG2,0.9511615046038798,50.0
LZ_CPS,SAN_SANMIGG1,0.9789812027332873,1.0
LZ_CPS,COL_COLETOG1,0.9785677892088996,2.0
LZ_CPS,EXGNSND_RN,0.9781346591573691,3.0
LZ_CPS,BRP_ZPT1_RN,0.9781255643253504,4.0
LZ_CPS,BRP_ZPT2_RN,0.9781252377548949,5.0
LZ_CPS,BRP_LOP1_RN,0.9777154892148675,6.0
LZ_CPS,VENADO_ALL,0.9776630748907592,7.0
LZ_CPS,LGE_LGE_STG,0.9776247947313452,8.0
LZ_CPS,LGE_PUN1,0.9776247947313452,9.0
LZ_CPS,LGE_LGE_GT2,0.9776247947313452,10.0
LZ_CPS,LGE_LGE_GT1,0.9776247947313452,11.0
LZ_CPS,DUKE_GST1CCU,0.977517800306516,12.0
LZ_CPS,DUKE_GT2_CCU,0.977517800306516,13.0
LZ_CPS,REDGATE_RN,0.9774438971443803,14.0
LZ_CPS,REDGATE_ALL,0.9774438971443803,15.0
LZ_CPS,FAL_FALCONG2,0.9774002575152433,16.0
LZ_CPS,FAL_FALCONG1,0.9774002575152433,17.0
LZ_CPS,FAL_FALCONG3,0.9774002575152433,18.0
LZ_CPS,NED_NEDIN_G2,0.9773945463764462,19.0
LZ_CPS,NED_NEDIN_G1,0.9773493692126343,20.0
LZ_CPS,BLACKJAK_RN,0.9771806684064279,21.0
LZ_CPS,CRANELL_ALL,0.9771806684064279,22.0
LZ_CPS,LV5_UNIT1,0.9770604257665368,23.0
LZ_CPS,GARC_BESS_RN,0.9770259743424418,24.0
LZ_CPS,COTTON_PAP2,0.9769186915723862,25.0
LZ_CPS,PAP1_PAP1,0.9769186915723862,26.0
LZ_CPS,OXY_PUN2,0.9768683073709657,27.0
LZ_CPS,OXY_PUN1,0.9768680893053416,28.0
LZ_CPS,OXY_OXY_CCG1,0.9768677836041839,29.0
LZ_CPS,FRONT_EC_RN3,0.976813829005728,30.0
LZ_CPS,FRONT_EC_RN1,0.976813829005728,31.0
LZ_CPS,FRONT_EC_RN2,0.976813829005728,32.0
LZ_CPS,MADERO_RN,0.9766192268944597,33.0
LZ_CPS,DC_R,0.9766189817101105,34.0
LZ_CPS,NED_NEDIN_G3,0.9763261137422974,35.0
LZ_CPS,N_AL_BESS_RN,0.975636392944435,36.0
LZ_CPS,LGE_PUN2,0.9755748204379454,37.0
LZ_CPS,INGLCO_PUN1,0.9755571933642146,38.0
LZ_CPS,INGLCO_PUN2,0.9755550962103836,39.0
LZ_CPS,INGLCO_PUN3,0.975552243987505,40.0
LZ_CPS,NEBULA_RN,0.9753066047701203,41.0
LZ_CPS,VANCOURT_RN,0.9753066047701203,42.0
LZ_CPS,MIRASOLE_GEN,0.975137815052264,43.0
LZ_CPS,MV_VALV4_RN,0.9751350279049877,44.0
LZ_CPS,WHITE_PT_UN1,0.9750763296008603,45.0
LZ_CPS,SIL_SILAS_9,0.9748253933258824,46.0
LZ_CPS,SIL_SILAS_6,0.9748253933258824,47.0
LZ_CPS,SIL_SILAS_10,0.9748198346533955,48.0
LZ_CPS,RN_SR_WIND1,0.9747898609730934,49.0
LZ_CPS,SHAFFER_ALL,0.97471485929542,50.0
LZ_LCRA,NED_NEDIN_G3,0.9799394603073088,1.0
LZ_LCRA,N_AL_BESS_RN,0.9799331263141079,2.0
LZ_LCRA,MV_VALV4_RN,0.9794842769440342,3.0
LZ_LCRA,LGE_PUN2,0.9794616336261001,4.0
LZ_LCRA,INGLCO_PUN1,0.9794455962966762,5.0
LZ_LCRA,INGLCO_PUN2,0.9794433625315374,6.0
LZ_LCRA,INGLCO_PUN3,0.9794402210135874,7.0
LZ_LCRA,MIRASOLE_GEN,0.9791868776429236,8.0
LZ_LCRA,VANCOURT_RN,0.9790575097595964,9.0
LZ_LCRA,NEBULA_RN,0.9790575097595964,10.0
LZ_LCRA,WHITE_PT_UN1,0.9789422077538967,11.0
LZ_LCRA,SIL_SILAS_9,0.9788902502932693,12.0
LZ_LCRA,SIL_SILAS_6,0.9788902502932693,13.0
LZ_LCRA,SIL_SILAS_10,0.9788852318114697,14.0
LZ_LCRA,MESTENO_RN,0.9787205140632094,15.0
LZ_LCRA,CABEZON_ALL,0.9787205140632094,16.0
LZ_LCRA,LV4_UNIT_1,0.9787205140632094,17.0
LZ_LCRA,LV3_UNIT1,0.9787205140632094,18.0
LZ_LCRA,SHAFFER_ALL,0.9785569115085944,19.0
LZ_LCRA,RN_SR_WIND1,0.9785402532057228,20.0
LZ_LCRA,REDFISH_ALL,0.9783785686645669,21.0
LZ_LCRA,ALGOD_ALL_RN,0.9783071561392889,22.0
LZ_LCRA,EXGNWTL_1,0.9780502112046763,23.0
LZ_LCRA,CEDROHI_CHW1,0.9780502112046763,24.0
LZ_LCRA,CHALUP_ALL,0.9773045833671411,25.0
LZ_LCRA,TRUENO_ALL,0.9772396516959979,26.0
LZ_LCRA,EL_RAYO_ALL,0.9772396516959979,27.0
LZ_LCRA,LMAJADAS_ALL,0.9771694908489965,28.0
LZ_LCRA,WFTANK_ESS1,0.976945501261938,29.0
LZ_LCRA,BORDAS_345,0.9766875497252755,30.0
LZ_LCRA,RELOJ_ALL,0.9766875497252755,31.0
LZ_LCRA,CAMWIND_RN,0.976653652124968,32.0
LZ_LCRA,TORR_ALL,0.9763542558216989,33.0
LZ_LCRA,CORAZON_RN,0.9763537750077523,34.0
LZ_LCRA,KARAKAW2_1,0.9762635933213116,35.0
LZ_LCRA,KARAKAW1_1,0.9762635933213116,36.0
LZ_LCRA,PALMWI_UNIT1,0.9761907921602891,37.0
LZ_LCRA,LV1A_LV1B,0.9760447192023323,38.0
LZ_LCRA,SANTACRU_ALL,0.9750661342567346,39.0
LZ_LCRA,DC_L,0.9747940680691388,40.0
LZ_LCRA,LARDVFTN_G4,0.9747916014822557,41.0
LZ_LCRA,LARDVFTN_G5,0.9747916014822557,42.0
LZ_LCRA,BRANDON_RN,0.9747061837600521,43.0
LZ_LCRA,BAFFIN_ALL,0.9738835711575532,44.0
LZ_LCRA,TGW_T1_T2,0.9738835711575532,45.0
LZ_LCRA,STELLA_RN,0.973883567762665,46.0
LZ_LCRA,PENA_ALL,0.9738818845369496,47.0
LZ_LCRA,BBREEZE_1_2,0.9724022142033278,48.0
LZ_LCRA,ELSAUZ_ALL,0.9723390277233629,49.0
LZ_LCRA,FOXTROT_ALL,0.9689068551023363,50.0
LZ_SOUTH,B_DAVIS_3,0.9730895925674246,1.0
LZ_SOUTH,B_DAVIS_4,0.9730895925674246,2.0
LZ_SOUTH,B_D_B_DAVIG1,0.9730895925674246,3.0
LZ_SOUTH,B_D_B_DAVIG2,0.9730895925674246,4.0
LZ_SOUTH,BRANDON_RN,0.9715757148950851,5.0
LZ_SOUTH,NUE_NUECESG8,0.9684958804384348,6.0
LZ_SOUTH,NUE_NUECESG9,0.9684958804384348,7.0
LZ_SOUTH,NUE_NUECESG7,0.9607616148323509,8.0
LZ_SOUTH,CCEC_GT1,0.9600426534455277,9.0
LZ_SOUTH,CCEC_GT2,0.9600426534455277,10.0
LZ_SOUTH,CCEC_PUN1,0.9600426534455277,11.0
LZ_SOUTH,CCEC_PUN2,0.9600426534455277,12.0
LZ_SOUTH,CCEC_ST1,0.9600426534455277,13.0
LZ_SOUTH,BRP_PBL2_RN,0.8329272958383225,14.0
LZ_SOUTH,BRP_PBL1_RN,0.8329256921173903,15.0
NED_NEDIN_G1,MCDLD_FCSBW1,0.9799669685749379,1.0
NED_NEDIN_G1,INKS_INKS_G1,0.9799241732790284,2.0
NED_NEDIN_G1,RIONOG_ST1,0.9799009337396262,3.0
NED_NEDIN_G1,RIONOG_CT3,0.9799009337396262,4.0
NED_NEDIN_G1,RIONOG_CT2,0.9799009337396262,5.0
NED_NEDIN_G1,RIONOG_CT1,0.9799009337396262,6.0
NED_NEDIN_G1,AMISTAD_ALL,0.9798890574560455,7.0
NED_NEDIN_G1,WL_RANCH_RN,0.9798069710636034,8.0
NED_NEDIN_G1,HAYSEN1_2,0.9797816044940191,9.0
NED_NEDIN_G1,GUADG_CCU1,0.9796143843780452,10.0
NED_NEDIN_G1,GUADG_CCU2,0.9796143843780452,11.0
NED_NEDIN_G1,HHGT_KENDAL,0.9786565598011427,12.0
NED_NEDIN_G1,RHESS2_ESS1,0.9786352005468872,13.0
NED_NEDIN_G1,WNDTS2_UNIT1,0.9784844830149422,14.0
NED_NEDIN_G1,BRAUNIG_VHB1,0.9780869826193499,15.0
NED_NEDIN_G1,BRAUNIG_VHB2,0.9780869826193499,16.0
NED_NEDIN_G1,BR_VHB6CT5_6,0.9780869826193499,17.0
NED_NEDIN_G1,BR_VHB6CT7_8,0.9780869826193499,18.0
NED_NEDIN_G1,CALAVER_OWS2,0.9779568408857815,19.0
NED_NEDIN_G1,CALAVER_OWS1,0.9779568408857815,20.0
NED_NEDIN_G1,LEONLCPCT1_2,0.977910952312658,21.0
NED_NEDIN_G1,LEONLCPCT3_4,0.977910952312658,22.0
NED_NEDIN_G1,RN_OCI_ALAMO,0.9778132879433434,23.0
NED_NEDIN_G1,BRAUNIG_VHB3,0.9776944005422483,24.0
NED_NEDIN_G1,CALAVER_JTD2,0.9776613880249404,25.0
NED_NEDIN_G1,CALAVER_JTD1,0.9776613880249404,26.0
NED_NEDIN_G1,LZ_CPS,0.9773493692126343,27.0
NED_NEDIN_G1,BRA_AVR1_CT2,0.9773195214953306,28.0
NED_NEDIN_G1,BRA_AVR_CST1,0.9773195214953306,29.0
NED_NEDIN_G1,CALAVER_JKS1,0.9767447777391396,30.0
NED_NEDIN_G1,CALAVER_JKS2,0.9767447777391396,31.0
NED_NEDIN_G1,X443ESRN,0.9763068650513405,32.0
NED_NEDIN_G1,NUE_NUECESG8,0.9761146544163033,33.0
NED_NEDIN_G1,NUE_NUECESG9,0.9761146544163033,34.0
NED_NEDIN_G1,BRP_RN_UNIT1,0.974669622560242,35.0
NED_NEDIN_G1,ROSELAND_ALL,0.9712059679780498,36.0
NED_NEDIN_G1,SCES_UNIT1,0.9709789021478841,37.0
NED_NEDIN_G1,OLNEYTN_RN,0.9694289547380237,38.0
NED_NEDIN_G1,NUE_NUECESG7,0.9690244931417027,39.0
NED_NEDIN_G1,CCEC_PUN2,0.9683573663812512,40.0
NED_NEDIN_G1,CCEC_GT1,0.9683573663812512,41.0
NED_NEDIN_G1,CCEC_GT2,0.9683573663812512,42.0
NED_NEDIN_G1,CCEC_PUN1,0.9683573663812512,43.0
NED_NEDIN_G1,CCEC_ST1,0.9683573663812512,44.0
NED_NEDIN_G1,BRANDON_RN,0.9638167043151028,45.0
NED_NEDIN_G1,BRP_PBL2_RN,0.8097119106589343,46.0
NED_NEDIN_G1,BRP_PBL1_RN,0.8097104569895996,47.0
NED_NEDIN_G2,RIONOG_ST1,0.9799927308466553,1.0
NED_NEDIN_G2,RIONOG_CT3,0.9799927308466553,2.0
NED_NEDIN_G2,RIONOG_CT2,0.9799927308466553,3.0
NED_NEDIN_G2,RIONOG_CT1,0.9799927308466553,4.0
NED_NEDIN_G2,INKS_INKS_G1,0.9799822099164712,5.0
NED_NEDIN_G2,AMISTAD_ALL,0.979911062538675,6.0
NED_NEDIN_G2,WL_RANCH_RN,0.9799099098244101,7.0
NED_NEDIN_G2,HAYSEN1_2,0.9798729180367117,8.0
NED_NEDIN_G2,GUADG_CCU1,0.9797067647616207,9.0
NED_NEDIN_G2,GUADG_CCU2,0.9797067647616207,10.0
NED_NEDIN_G2,RHESS2_ESS1,0.9788397886230288,11.0
NED_NEDIN_G2,HHGT_KENDAL,0.9787359060674147,12.0
NED_NEDIN_G2,WNDTS2_UNIT1,0.978665832597532,13.0
NED_NEDIN_G2,BRAUNIG_VHB1,0.9781483369537871,14.0
NED_NEDIN_G2,BRAUNIG_VHB2,0.9781483369537871,15.0
NED_NEDIN_G2,BR_VHB6CT5_6,0.9781483369537871,16.0
NED_NEDIN_G2,BR_VHB6CT7_8,0.9781483369537871,17.0
NED_NEDIN_G2,CALAVER_OWS2,0.9780129042181884,18.0
NED_NEDIN_G2,CALAVER_OWS1,0.9780129042181884,19.0
NED_NEDIN_G2,LEONLCPCT1_2,0.9779471045654361,20.0
NED_NEDIN_G2,LEONLCPCT3_4,0.9779471045654361,21.0
NED_NEDIN_G2,RN_OCI_ALAMO,0.9778563969966031,22.0
NED_NEDIN_G2,BRAUNIG_VHB3,0.9777427343164741,23.0
NED_NEDIN_G2,CALAVER_JTD1,0.977716701612216,24.0
NED_NEDIN_G2,CALAVER_JTD2,0.977716701612216,25.0
NED_NEDIN_G2,LZ_CPS,0.9773945463764461,26.0
NED_NEDIN_G2,BRA_AVR1_CT2,0.9773869365228798,27.0
NED_NEDIN_G2,BRA_AVR_CST1,0.9773869365228798,28.0
NED_NEDIN_G2,CALAVER_JKS1,0.9768152461279714,29.0
NED_NEDIN_G2,CALAVER_JKS2,0.9768152461279714,30.0
NED_NEDIN_G2,X443ESRN,0.9762692191271846,31.0
NED_NEDIN_G2,NUE_NUECESG8,0.9760153302939941,32.0
NED_NEDIN_G2,NUE_NUECESG9,0.9760153302939941,33.0
NED_NEDIN_G2,BRP_RN_UNIT1,0.9746405461928538,34.0
NED_NEDIN_G2,ROSELAND_ALL,0.9712266728363783,35.0
NED_NEDIN_G2,SCES_UNIT1,0.9710002032127986,36.0
NED_NEDIN_G2,OLNEYTN_RN,0.9695428330941498,37.0
NED_NEDIN_G2,NUE_NUECESG7,0.9688780155147108,38.0
NED_NEDIN_G2,CCEC_ST1,0.9682059828030172,39.0
NED_NEDIN_G2,CCEC_GT1,0.9682059828030172,40.0
NED_NEDIN_G2,CCEC_GT2,0.9682059828030172,41.0
NED_NEDIN_G2,CCEC_PUN1,0.9682059828030172,42.0
NED_NEDIN_G2,CCEC_PUN2,0.9682059828030172,43.0
NED_NEDIN_G2,BRANDON_RN,0.9629067578017239,44.0
NED_NEDIN_G2,BRP_PBL2_RN,0.8086127141507441,45.0
NED_NEDIN_G2,BRP_PBL1_RN,0.8086112744450895,46.0
NED_NEDIN_G3,CROSSETT_ALL,0.9799963188348256,1.0
NED_NEDIN_G3,EIFSLR_UNIT1,0.9799905256097116,2.0
NED_NEDIN_G3,FWLR_SLR_1,0.9799903770338606,3.0
NED_NEDIN_G3,EUNICE_ALL,0.9799805691015553,4.0
NED_NEDIN_G3,LAMESASLR_G,0.9799778306470831,5.0
NED_NEDIN_G3,PRSPERO2_ALL,0.9799776192390948,6.0
NED_NEDIN_G3,PROSPERO_ALL,0.9799776192390948,7.0
NED_NEDIN_G3,LAPETUS_U1,0.9799758736838708,8.0
NED_NEDIN_G3,BARROW_ALL,0.9799745149068568,9.0
NED_NEDIN_G3,RN_ECEC_HOLT,0.9799740944675638,10.0
NED_NEDIN_G3,SPTX12B_RN,0.9799722027847378,11.0
NED_NEDIN_G3,KINGW_ALL,0.9799719533789375,12.0
NED_NEDIN_G3,JACKCNTY_CT1,0.9799683485884719,13.0
NED_NEDIN_G3,JACKCNTY_CT2,0.9799683485884719,14.0
NED_NEDIN_G3,JACKCNTY_STG,0.9799683485884719,15.0
NED_NEDIN_G3,KEECHI_U1,0.9799683485884719,16.0
NED_NEDIN_G3,NWF_NWF1,0.9799663727866363,17.0
NED_NEDIN_G3,KINGE_ALL,0.9799656818400381,18.0
NED_NEDIN_G3,RIGGIN_UNIT1,0.9799618834867487,19.0
NED_NEDIN_G3,QALSW_ALL,0.9799613377790759,20.0
NED_NEDIN_G3,OECCS_1,0.979961034093317,21.0
NED_NEDIN_G3,OECCS_2,0.979961034093317,22.0
NED_NEDIN_G3,MAVCRK_W_ALL,0.9799606203799953,23.0
NED_NEDIN_G3,GALO_RN1,0.9799606203799953,24.0
NED_NEDIN_G3,ODESW_RN,0.9799589000040028,25.0
NED_NEDIN_G3,SWEC_G1,0.9799582493199177,26.0
NED_NEDIN_G3,GOA_GOATWIND,0.9799532911391851,27.0
NED_NEDIN_G3,PHOEBE_ALL,0.9799517857141263,28.0
NED_NEDIN_G3,LACY_CRK_ALL,0.9799453576082888,29.0
NED_NEDIN_G3,TRIPBUT1_RN,0.9799437206621565,30.0
NED_NEDIN_G3,NBOHR_RN,0.9799420460647533,31.0
NED_NEDIN_G3,RSK_RN,0.9799420460647533,32.0
NED_NEDIN_G3,LZ_LCRA,0.9799394603073087,33.0
NED_NEDIN_G3,GOMZ_RN,0.9799327986724053,34.0
NED_NEDIN_G3,SWOOSE1_U1,0.97993216389661,35.0
NED_NEDIN_G3,SWOOSEII_RN,0.9799320167615039,36.0
NED_NEDIN_G3,BRTSW_BCW1,0.9799290683922222,37.0
NED_NEDIN_G3,OBERON_U1,0.9799274650899695,38.0
NED_NEDIN_G3,LONESTAR_RN,0.979927247834333,39.0
NED_NEDIN_G3,LGD_LANGFORD,0.9799261216499336,40.0
NED_NEDIN_G3,RTLSNAKE_BT,0.979924776287826,41.0
NED_NEDIN_G3,W_PECO_UNIT1,0.9799246866181271,42.0
NED_NEDIN_G3,WRSBES_BESS1,0.9799239599897731,43.0
NED_NEDIN_G3,SBEAN_BESS,0.9799237118187402,44.0
NED_NEDIN_G3,ARAGORN_RN,0.9799215277191272,45.0
NED_NEDIN_G3,TI_SOLAR_ALL,0.9799215277191272,46.0
NED_NEDIN_G3,AVIAT_ALL,0.9799189886200564,47.0
NED_NEDIN_G3,CAPRIDGE_ALL,0.9799189886200564,48.0
NED_NEDIN_G3,CAPRIDG4_CR4,0.9799189886200564,49.0
NED_NEDIN_G3,SADLBACK_RN,0.9799184246318848,50.0
